run_id,exec_order,recipe,condition,missing,kit_id,weight,mu_kit,sig_kit,deficit,z,l1_k3,l1_k35,l1_k6,maha_l1,runs10_pred,runs10_35_pred,runs10_6_pred,zscore_pred,zscore_6_pred,maha_pred,gmm_pred,bayes_pred,logistic_pred,logistic_prob_top1,logistic_prob_top2,lda_pred,lda_prob_top1,lda_prob_top2,qda_pred,qda_prob_top1,qda_prob_top2,svm_pred,svm_prob_top1,svm_prob_top2,random_forest_pred,random_forest_prob_top1,random_forest_prob_top2
1.0,31.0,R3,OK,NONE,K001,9.91,9.972999999999999,0.03816630276391288,0.06299999999999883,1.6506707602698891,OK,OK,OK,OK,NONE,NONE,NONE,NONE,NONE,NONE,NONE,NONE,NONE,1.0,0.0,NONE,1.0,0.0,NONE,1.0,0.0,NONE,1.0,0.0,NONE,1.0,0.0
2.0,24.0,R3,OK,NONE,K002,10.0,9.972999999999999,0.03816630276391288,-0.027000000000001023,-0.7074303258299923,OK,OK,OK,OK,NONE,NONE,NONE,NONE,NONE,NONE,NONE,NONE,NONE,1.0,0.0,NONE,1.0,0.0,NONE,1.0,0.0,NONE,1.0,0.0,NONE,1.0,0.0
3.0,50.0,R3,OK,NONE,K003,10.0,9.972999999999999,0.03816630276391288,-0.027000000000001023,-0.7074303258299923,OK,OK,OK,OK,NONE,NONE,NONE,NONE,NONE,NONE,NONE,NONE,NONE,1.0,0.0,NONE,1.0,0.0,NONE,1.0,0.0,NONE,1.0,0.0,NONE,1.0,0.0
4.0,12.0,R3,OK,NONE,K004,9.91,9.972999999999999,0.03816630276391288,0.06299999999999883,1.6506707602698891,OK,OK,OK,OK,NONE,NONE,NONE,NONE,NONE,NONE,NONE,NONE,NONE,1.0,0.0,NONE,1.0,0.0,NONE,1.0,0.0,NONE,1.0,0.0,NONE,1.0,0.0
5.0,17.0,R3,OK,NONE,K005,10.04,9.972999999999999,0.03816630276391288,-0.06700000000000017,-1.7554752529854745,OK,OK,OK,OK,NONE,NONE,NONE,NONE,NONE,NONE,NONE,NONE,NONE,1.0,0.0,NONE,1.0,0.0,NONE,1.0,0.0,NONE,1.0,0.0,NONE,1.0,0.0
5.0,17.0,R3,OK,NONE,K005,9.84,9.972999999999999,0.03816630276391288,0.13299999999999912,3.4847493827920295,NG,OK,OK,NG,N2,NONE,NONE,N2,NONE,N2,N2,N2,NONE,1.0,0.0,NONE,1.0,0.0,NONE,1.0,0.0,NONE,1.0,0.0,NONE,1.0,0.0
5.0,17.0,R3,OK,NONE,K005,9.9,9.972999999999999,0.03816630276391288,0.07299999999999862,1.9126819920587597,OK,OK,OK,OK,NONE,NONE,NONE,NONE,NONE,NONE,NONE,NONE,NONE,1.0,0.0,NONE,1.0,0.0,NONE,1.0,0.0,NONE,1.0,0.0,NONE,1.0,0.0
5.0,17.0,R3,OK,NONE,K005,9.92,9.972999999999999,0.03816630276391288,0.05299999999999905,1.3886595284810186,OK,OK,OK,OK,NONE,NONE,NONE,NONE,NONE,NONE,NONE,NONE,NONE,1.0,0.0,NONE,1.0,0.0,NONE,1.0,0.0,NONE,1.0,0.0,NONE,1.0,0.0
5.0,17.0,R3,OK,NONE,K005,9.95,9.972999999999999,0.03816630276391288,0.022999999999999687,0.6026258331144069,OK,OK,OK,OK,NONE,NONE,NONE,NONE,NONE,NONE,NONE,NONE,NONE,1.0,0.0,NONE,1.0,0.0,NONE,1.0,0.0,NONE,1.0,0.0,NONE,1.0,0.0
5.0,17.0,R3,OK,NONE,K005,9.87,9.972999999999999,0.03816630276391288,0.10299999999999976,2.698715687425418,OK,OK,OK,OK,NONE,NONE,NONE,NONE,NONE,NONE,NONE,NONE,NONE,1.0,0.0,NONE,1.0,0.0,NONE,1.0,0.0,NONE,1.0,0.0,NONE,1.0,0.0
5.0,17.0,R3,OK,NONE,K005,9.88,9.972999999999999,0.03816630276391288,0.0929999999999982,2.4367044556365007,OK,OK,OK,OK,NONE,NONE,NONE,NONE,NONE,NONE,NONE,NONE,NONE,1.0,0.0,NONE,1.0,0.0,NONE,1.0,0.0,NONE,1.0,0.0,NONE,1.0,0.0
5.0,17.0,R3,OK,NONE,K005,9.91,9.972999999999999,0.03816630276391288,0.06299999999999883,1.6506707602698891,OK,OK,OK,OK,NONE,NONE,NONE,NONE,NONE,NONE,NONE,NONE,NONE,1.0,0.0,NONE,1.0,0.0,NONE,1.0,0.0,NONE,1.0,0.0,NONE,1.0,0.0
5.0,17.0,R3,OK,NONE,K005,9.9,9.972999999999999,0.03816630276391288,0.07299999999999862,1.9126819920587597,OK,OK,OK,OK,NONE,NONE,NONE,NONE,NONE,NONE,NONE,NONE,NONE,1.0,0.0,NONE,1.0,0.0,NONE,1.0,0.0,NONE,1.0,0.0,NONE,1.0,0.0
5.0,17.0,R3,OK,NONE,K005,9.92,9.972999999999999,0.03816630276391288,0.05299999999999905,1.3886595284810186,OK,OK,OK,OK,NONE,NONE,NONE,NONE,NONE,NONE,NONE,NONE,NONE,1.0,0.0,NONE,1.0,0.0,NONE,1.0,0.0,NONE,1.0,0.0,NONE,1.0,0.0
5.0,17.0,R3,OK,NONE,K005,9.94,9.972999999999999,0.03816630276391288,0.032999999999999474,0.8646370649032774,OK,OK,OK,OK,NONE,NONE,NONE,NONE,NONE,NONE,NONE,NONE,NONE,1.0,0.0,NONE,1.0,0.0,NONE,1.0,0.0,NONE,1.0,0.0,NONE,1.0,0.0
5.0,17.0,R3,OK,NONE,K005,9.92,9.972999999999999,0.03816630276391288,0.05299999999999905,1.3886595284810186,OK,OK,OK,OK,NONE,NONE,NONE,NONE,NONE,NONE,NONE,NONE,NONE,1.0,0.0,NONE,1.0,0.0,NONE,1.0,0.0,NONE,1.0,0.0,NONE,1.0,0.0
5.0,17.0,R3,OK,NONE,K005,9.89,9.972999999999999,0.03816630276391288,0.08299999999999841,2.17469322384763,OK,OK,OK,OK,NONE,NONE,NONE,NONE,NONE,NONE,NONE,NONE,NONE,1.0,0.0,NONE,1.0,0.0,NONE,1.0,0.0,NONE,1.0,0.0,NONE,1.0,0.0
5.0,17.0,R3,OK,NONE,K005,9.92,9.972999999999999,0.03816630276391288,0.05299999999999905,1.3886595284810186,OK,OK,OK,OK,NONE,NONE,NONE,NONE,NONE,NONE,NONE,NONE,NONE,1.0,0.0,NONE,1.0,0.0,NONE,1.0,0.0,NONE,1.0,0.0,NONE,1.0,0.0
5.0,17.0,R3,OK,NONE,K005,9.95,9.972999999999999,0.03816630276391288,0.022999999999999687,0.6026258331144069,OK,OK,OK,OK,NONE,NONE,NONE,NONE,NONE,NONE,NONE,NONE,NONE,1.0,0.0,NONE,1.0,0.0,NONE,1.0,0.0,NONE,1.0,0.0,NONE,1.0,0.0
5.0,17.0,R3,OK,NONE,K005,9.98,9.972999999999999,0.03816630276391288,-0.0070000000000014495,-0.18340786225225125,OK,OK,OK,OK,NONE,NONE,NONE,NONE,NONE,NONE,NONE,NONE,NONE,1.0,0.0,NONE,1.0,0.0,NONE,1.0,0.0,NONE,1.0,0.0,NONE,1.0,0.0
5.0,17.0,R3,OK,NONE,K005,9.99,9.972999999999999,0.03816630276391288,-0.017000000000001236,-0.4454190940411218,OK,OK,OK,OK,NONE,NONE,NONE,NONE,NONE,NONE,NONE,NONE,NONE,1.0,0.0,NONE,1.0,0.0,NONE,1.0,0.0,NONE,1.0,0.0,NONE,1.0,0.0
5.0,17.0,R3,OK,NONE,K005,9.9,9.972999999999999,0.03816630276391288,0.07299999999999862,1.9126819920587597,OK,OK,OK,OK,NONE,NONE,NONE,NONE,NONE,NONE,NONE,NONE,NONE,1.0,0.0,NONE,1.0,0.0,NONE,1.0,0.0,NONE,1.0,0.0,NONE,1.0,0.0
5.0,17.0,R3,OK,NONE,K005,9.97,9.972999999999999,0.03816630276391288,0.0029999999999983373,0.07860336953661927,OK,OK,OK,OK,NONE,NONE,NONE,NONE,NONE,NONE,NONE,NONE,NONE,1.0,0.0,NONE,1.0,0.0,NONE,1.0,0.0,NONE,1.0,0.0,NONE,1.0,0.0
5.0,17.0,R3,OK,NONE,K005,10.02,9.972999999999999,0.03816630276391288,-0.0470000000000006,-1.2314527894077334,OK,OK,OK,OK,NONE,NONE,NONE,NONE,NONE,NONE,NONE,NONE,NONE,1.0,0.0,NONE,1.0,0.0,NONE,1.0,0.0,NONE,1.0,0.0,NONE,1.0,0.0
5.0,17.0,R3,OK,NONE,K005,10.0,9.972999999999999,0.03816630276391288,-0.027000000000001023,-0.7074303258299923,OK,OK,OK,OK,NONE,NONE,NONE,NONE,NONE,NONE,NONE,NONE,NONE,1.0,0.0,NONE,1.0,0.0,NONE,1.0,0.0,NONE,1.0,0.0,NONE,1.0,0.0
5.0,17.0,R3,OK,NONE,K005,9.93,9.972999999999999,0.03816630276391288,0.04299999999999926,1.126648296692148,OK,OK,OK,OK,NONE,NONE,NONE,NONE,NONE,NONE,NONE,NONE,NONE,1.0,0.0,NONE,1.0,0.0,NONE,1.0,0.0,NONE,1.0,0.0,NONE,1.0,0.0
5.0,17.0,R3,OK,NONE,K005,9.97,9.972999999999999,0.03816630276391288,0.0029999999999983373,0.07860336953661927,OK,OK,OK,OK,NONE,NONE,NONE,NONE,NONE,NONE,NONE,NONE,NONE,1.0,0.0,NONE,1.0,0.0,NONE,1.0,0.0,NONE,1.0,0.0,NONE,1.0,0.0
5.0,17.0,R3,OK,NONE,K005,9.94,9.972999999999999,0.03816630276391288,0.032999999999999474,0.8646370649032774,OK,OK,OK,OK,NONE,NONE,NONE,NONE,NONE,NONE,NONE,NONE,NONE,1.0,0.0,NONE,1.0,0.0,NONE,1.0,0.0,NONE,1.0,0.0,NONE,1.0,0.0
5.0,17.0,R3,OK,NONE,K005,9.99,9.972999999999999,0.03816630276391288,-0.017000000000001236,-0.4454190940411218,OK,OK,OK,OK,NONE,NONE,NONE,NONE,NONE,NONE,NONE,NONE,NONE,1.0,0.0,NONE,1.0,0.0,NONE,1.0,0.0,NONE,1.0,0.0,NONE,1.0,0.0
5.0,17.0,R3,OK,NONE,K005,9.48,9.972999999999999,0.03816630276391288,0.49299999999999855,12.917153727191554,NG,NG,NG,NG,N2,N2,N2,N2,N2,N2,N2,N2,NONE,1.0,0.0,NONE,1.0,0.0,NONE,1.0,0.0,NONE,1.0,0.0,NONE,1.0,0.0
6.0,21.0,R3,NG,S2,K006,5.91,9.972999999999999,0.03816630276391288,4.062999999999999,106.45516347582034,NG,NG,NG,NG,S2,S2,S2,S2,S2,S2,S2,S2,S2,0.9993,0.0006,S2,1.0,0.0,S2,1.0,0.0,S2,0.9478,0.0303,S2,1.0,0.0
7.0,51.0,R3,NG,S2,K007,5.93,9.972999999999999,0.03816630276391288,4.042999999999999,105.93114101224259,NG,NG,NG,NG,S2,S2,S2,S2,S2,S2,S2,S2,S2,0.9995,0.0004,S2,1.0,0.0,S2,1.0,0.0,S2,0.9513,0.0259,S2,1.0,0.0
8.0,54.0,R3,NG,S2,K008,5.86,9.972999999999999,0.03816630276391288,4.112999999999999,107.76521963476472,NG,NG,NG,NG,S2,S2,S2,S2,S2,S2,S2,S2,S2,0.9995,0.0005,S2,1.0,0.0,S2,1.0,0.0,S2,0.9196,0.0608,S2,1.0,0.0
9.0,36.0,R3,NG,S2,K009,5.94,9.972999999999999,0.03816630276391288,4.032999999999999,105.6691297804537,NG,NG,NG,NG,S2,S2,S2,S2,S2,S2,S2,S2,S2,0.9996,0.0004,S2,1.0,0.0,S2,1.0,0.0,S2,0.9534,0.0235,S2,1.0,0.0
9.0,36.0,R3,NG,S2,K009,5.9,9.972999999999999,0.03816630276391288,4.072999999999999,106.7171747076092,NG,NG,NG,NG,S2,S2,S2,S2,S2,S2,S2,S2,S2,0.9991,0.0009,S2,1.0,0.0,S2,1.0,0.0,S2,0.9343,0.0444,S2,1.0,0.0
9.0,36.0,R3,NG,S2,K009,5.82,9.972999999999999,0.03816630276391288,4.152999999999999,108.81326456192022,NG,NG,NG,NG,S2,S2,S2,S2,S2,S2,S2,S2,S2,0.9954,0.0046,S2,1.0,0.0,S2,1.0,0.0,S2,0.8827,0.0985,S2,1.0,0.0
9.0,36.0,R3,NG,S2,K009,5.87,9.972999999999999,0.03816630276391288,4.102999999999999,107.50320840297584,NG,NG,NG,NG,S2,S2,S2,S2,S2,S2,S2,S2,S2,0.9985,0.0015,S2,1.0,0.0,S2,1.0,0.0,S2,0.9335,0.0459,S2,1.0,0.0
9.0,36.0,R3,NG,S2,K009,5.89,9.972999999999999,0.03816630276391288,4.082999999999999,106.9791859393981,NG,NG,NG,NG,S2,S2,S2,S2,S2,S2,S2,S2,S2,0.999,0.001,S2,1.0,0.0,S2,1.0,0.0,S2,0.9415,0.0372,S2,1.0,0.0
9.0,36.0,R3,NG,S2,K009,5.91,9.972999999999999,0.03816630276391288,4.062999999999999,106.45516347582034,NG,NG,NG,NG,S2,S2,S2,S2,S2,S2,S2,S2,S2,0.9993,0.0007,S2,1.0,0.0,S2,1.0,0.0,S2,0.9463,0.0317,S2,1.0,0.0
9.0,36.0,R3,NG,S2,K009,5.94,9.972999999999999,0.03816630276391288,4.032999999999999,105.6691297804537,NG,NG,NG,NG,S2,S2,S2,S2,S2,S2,S2,S2,S2,0.9997,0.0003,S2,1.0,0.0,S2,1.0,0.0,S2,0.9557,0.0225,S2,1.0,0.0
9.0,36.0,R3,NG,S2,K009,5.91,9.972999999999999,0.03816630276391288,4.062999999999999,106.45516347582034,NG,NG,NG,NG,S2,S2,S2,S2,S2,S2,S2,S2,S2,0.9995,0.0005,S2,1.0,0.0,S2,1.0,0.0,S2,0.9491,0.0294,S2,1.0,0.0
9.0,36.0,R3,NG,S2,K009,5.96,9.972999999999999,0.03816630276391288,4.012999999999999,105.14510731687596,NG,NG,NG,NG,S2,S2,S2,S2,S2,S2,S2,S2,S2,0.9997,0.0002,S2,1.0,0.0,S2,1.0,0.0,S2,0.9567,0.0238,S2,1.0,0.0
9.0,36.0,R3,NG,S2,K009,5.98,9.972999999999999,0.03816630276391288,3.9929999999999986,104.6210848532982,NG,NG,NG,NG,S2,S2,S2,S2,S2,S2,S2,S2,S2,0.9998,0.0001,S2,1.0,0.0,S2,1.0,0.0,S2,0.961,0.024,S2,1.0,0.0
9.0,36.0,R3,NG,S2,K009,5.94,9.972999999999999,0.03816630276391288,4.032999999999999,105.6691297804537,NG,NG,NG,NG,S2,S2,S2,S2,S2,S2,S2,S2,S2,0.9996,0.0004,S2,1.0,0.0,S2,1.0,0.0,S2,0.9534,0.0235,S2,1.0,0.0
9.0,36.0,R3,NG,S2,K009,5.87,9.972999999999999,0.03816630276391288,4.102999999999999,107.50320840297584,NG,NG,NG,NG,S2,S2,S2,S2,S2,S2,S2,S2,S2,0.9983,0.0017,S2,1.0,0.0,S2,1.0,0.0,S2,0.9199,0.0598,S2,1.0,0.0
9.0,36.0,R3,NG,S2,K009,5.95,9.972999999999999,0.03816630276391288,4.022999999999999,105.40711854866483,NG,NG,NG,NG,S2,S2,S2,S2,S2,S2,S2,S2,S2,0.9999,0.0,S2,1.0,0.0,S2,1.0,0.0,S2,0.9552,0.0226,S2,1.0,0.0
9.0,36.0,R3,NG,S2,K009,5.89,9.972999999999999,0.03816630276391288,4.082999999999999,106.9791859393981,NG,NG,NG,NG,S2,S2,S2,S2,S2,S2,S2,S2,S2,0.9992,0.0008,S2,1.0,0.0,S2,1.0,0.0,S2,0.943,0.0362,S2,1.0,0.0
9.0,36.0,R3,NG,S2,K009,5.88,9.972999999999999,0.03816630276391288,4.092999999999999,107.24119717118697,NG,NG,NG,NG,S2,S2,S2,S2,S2,S2,S2,S2,S2,0.999,0.001,S2,1.0,0.0,S2,1.0,0.0,S2,0.9393,0.0401,S2,1.0,0.0
9.0,36.0,R3,NG,S2,K009,5.94,9.972999999999999,0.03816630276391288,4.032999999999999,105.6691297804537,NG,NG,NG,NG,S2,S2,S2,S2,S2,S2,S2,S2,S2,0.9996,0.0003,S2,1.0,0.0,S2,1.0,0.0,S2,0.9547,0.0229,S2,1.0,0.0
9.0,36.0,R3,NG,S2,K009,5.93,9.972999999999999,0.03816630276391288,4.042999999999999,105.93114101224259,NG,NG,NG,NG,S2,S2,S2,S2,S2,S2,S2,S2,S2,0.9996,0.0003,S2,1.0,0.0,S2,1.0,0.0,S2,0.9538,0.0241,S2,1.0,0.0
9.0,36.0,R3,NG,S2,K009,5.99,9.972999999999999,0.03816630276391288,3.9829999999999988,104.35907362150932,NG,NG,NG,NG,S2,S2,S2,S2,S2,S2,S2,S2,S2,1.0,0.0,S2,1.0,0.0,S2,1.0,0.0,S2,0.9611,0.024,S2,1.0,0.0
9.0,36.0,R3,NG,S2,K009,5.92,9.972999999999999,0.03816630276391288,4.052999999999999,106.19315224403147,NG,NG,NG,NG,S2,S2,S2,S2,S2,S2,S2,S2,S2,0.9995,0.0005,S2,1.0,0.0,S2,1.0,0.0,S2,0.9504,0.0273,S2,1.0,0.0
9.0,36.0,R3,NG,S2,K009,5.78,9.972999999999999,0.03816630276391288,4.192999999999999,109.86130948907572,NG,NG,NG,NG,S2,S2,S2,S2,S2,S2,S2,S2,S2,0.9929,0.0071,S2,1.0,0.0,S2,1.0,0.0,S2,0.8317,0.1493,S2,1.0,0.0
9.0,36.0,R3,NG,S2,K009,5.95,9.972999999999999,0.03816630276391288,4.022999999999999,105.40711854866483,NG,NG,NG,NG,S2,S2,S2,S2,S2,S2,S2,S2,S2,0.9997,0.0003,S2,1.0,0.0,S2,1.0,0.0,S2,0.9564,0.0233,S2,1.0,0.0
9.0,36.0,R3,NG,S2,K009,5.92,9.972999999999999,0.03816630276391288,4.052999999999999,106.19315224403147,NG,NG,NG,NG,S2,S2,S2,S2,S2,S2,S2,S2,S2,0.9999,0.0001,S2,1.0,0.0,S2,1.0,0.0,S2,0.9477,0.0307,S2,1.0,0.0
9.0,36.0,R3,NG,S2,K009,5.94,9.972999999999999,0.03816630276391288,4.032999999999999,105.6691297804537,NG,NG,NG,NG,S2,S2,S2,S2,S2,S2,S2,S2,S2,0.9996,0.0004,S2,1.0,0.0,S2,1.0,0.0,S2,0.9472,0.03,S2,1.0,0.0
9.0,36.0,R3,NG,S2,K009,5.9,9.972999999999999,0.03816630276391288,4.072999999999999,106.7171747076092,NG,NG,NG,NG,S2,S2,S2,S2,S2,S2,S2,S2,S2,0.9991,0.0009,S2,1.0,0.0,S2,1.0,0.0,S2,0.9343,0.0444,S2,1.0,0.0
9.0,36.0,R3,NG,S2,K009,5.92,9.972999999999999,0.03816630276391288,4.052999999999999,106.19315224403147,NG,NG,NG,NG,S2,S2,S2,S2,S2,S2,S2,S2,S2,0.9994,0.0006,S2,1.0,0.0,S2,1.0,0.0,S2,0.949,0.0286,S2,1.0,0.0
9.0,36.0,R3,NG,S2,K009,5.4,9.972999999999999,0.03816630276391288,4.572999999999999,119.81773629705302,NG,NG,NG,NG,W2,W2,W2,W2,W2,W2,W2,W2,W2,0.9997,0.0003,W2,1.0,0.0,W2,1.0,0.0,W2,0.9391,0.0416,W2,1.0,0.0
9.0,36.0,R3,NG,S2,K009,5.8,9.972999999999999,0.03816630276391288,4.172999999999999,109.33728702549799,NG,NG,NG,NG,S2,S2,S2,S2,S2,S2,S2,S2,S2,0.9931,0.0069,S2,1.0,0.0,S2,1.0,0.0,S2,0.861,0.1196,S2,1.0,0.0
11.0,10.0,R3,NG,W2,K011,5.4,9.972999999999999,0.03816630276391288,4.572999999999999,119.81773629705302,NG,NG,NG,NG,W2,W2,W2,W2,W2,W2,W2,W2,W2,0.9617,0.0383,W2,1.0,0.0,W2,1.0,0.0,W2,0.9026,0.0783,W2,0.731,0.269
12.0,34.0,R3,NG,W2,K012,5.45,9.972999999999999,0.03816630276391288,4.522999999999999,118.50768013810864,NG,NG,NG,NG,W2,W2,W2,W2,W2,W2,W2,W2,W2,0.8973,0.1027,W2,1.0,0.0,W2,0.9993,0.0007,W2,0.8491,0.1315,W2,0.9917,0.0083
13.0,42.0,R3,NG,W2,K013,5.42,9.972999999999999,0.03816630276391288,4.552999999999999,119.29371383347527,NG,NG,NG,NG,W2,W2,W2,W2,W2,W2,W2,W2,W2,0.9995,0.0005,W2,1.0,0.0,W2,1.0,0.0,W2,0.9278,0.0526,W2,1.0,0.0
14.0,45.0,R3,NG,W2,K014,5.42,9.972999999999999,0.03816630276391288,4.552999999999999,119.29371383347527,NG,NG,NG,NG,W2,W2,W2,W2,W2,W2,W2,W2,W2,0.9429,0.0571,W2,1.0,0.0,W2,1.0,0.0,W2,0.8878,0.0924,W2,1.0,0.0
14.0,45.0,R3,NG,W2,K014,5.42,9.972999999999999,0.03816630276391288,4.552999999999999,119.29371383347527,NG,NG,NG,NG,W2,W2,W2,W2,W2,W2,W2,W2,W2,0.9447,0.0553,W2,1.0,0.0,W2,1.0,0.0,W2,0.8853,0.0949,W2,1.0,0.0
14.0,45.0,R3,NG,W2,K014,5.42,9.972999999999999,0.03816630276391288,4.552999999999999,119.29371383347527,NG,NG,NG,NG,W2,W2,W2,W2,W2,W2,W2,W2,W2,0.9396,0.0604,W2,1.0,0.0,W2,1.0,0.0,W2,0.8876,0.0926,W2,1.0,0.0
14.0,45.0,R3,NG,W2,K014,5.45,9.972999999999999,0.03816630276391288,4.522999999999999,118.50768013810864,NG,NG,NG,NG,W2,W2,W2,W2,W2,W2,W2,W2,W2,0.9985,0.0015,W2,1.0,0.0,W2,1.0,0.0,W2,0.9055,0.0743,W2,1.0,0.0
14.0,45.0,R3,NG,W2,K014,5.41,9.972999999999999,0.03816630276391288,4.562999999999999,119.55572506526414,NG,NG,NG,NG,W2,W2,W2,W2,W2,W2,W2,W2,W2,0.9502,0.0498,W2,1.0,0.0,W2,1.0,0.0,W2,0.8964,0.0839,W2,0.9806,0.0194
14.0,45.0,R3,NG,W2,K014,5.38,9.972999999999999,0.03816630276391288,4.592999999999999,120.34175876063078,NG,NG,NG,NG,W2,W2,W2,W2,W2,W2,W2,W2,W2,0.975,0.025,W2,1.0,0.0,W2,1.0,0.0,W2,0.9183,0.0628,W2,0.9967,0.0033
14.0,45.0,R3,NG,W2,K014,5.37,9.972999999999999,0.03816630276391288,4.602999999999999,120.60376999241964,NG,NG,NG,NG,W2,W2,W2,W2,W2,W2,W2,W2,W2,0.9789,0.0211,W2,1.0,0.0,W2,1.0,0.0,W2,0.9266,0.0546,W2,1.0,0.0
14.0,45.0,R3,NG,W2,K014,5.36,9.972999999999999,0.03816630276391288,4.612999999999999,120.86578122420852,NG,NG,NG,NG,W2,W2,W2,W2,W2,W2,W2,W2,W2,0.9828,0.0172,W2,1.0,0.0,W2,1.0,0.0,W2,0.9323,0.0491,W2,1.0,0.0
14.0,45.0,R3,NG,W2,K014,5.41,9.972999999999999,0.03816630276391288,4.562999999999999,119.55572506526414,NG,NG,NG,NG,W2,W2,W2,W2,W2,W2,W2,W2,W2,0.9996,0.0004,W2,1.0,0.0,W2,1.0,0.0,W2,0.9338,0.0468,W2,1.0,0.0
14.0,45.0,R3,NG,W2,K014,5.37,9.972999999999999,0.03816630276391288,4.602999999999999,120.60376999241964,NG,NG,NG,NG,W2,W2,W2,W2,W2,W2,W2,W2,W2,0.9796,0.0204,W2,1.0,0.0,W2,1.0,0.0,W2,0.9247,0.0566,W2,1.0,0.0
14.0,45.0,R3,NG,W2,K014,5.36,9.972999999999999,0.03816630276391288,4.612999999999999,120.86578122420852,NG,NG,NG,NG,W2,W2,W2,W2,W2,W2,W2,W2,W2,0.9832,0.0168,W2,1.0,0.0,W2,1.0,0.0,W2,0.9303,0.0513,W2,0.9975,0.0025
14.0,45.0,R3,NG,W2,K014,5.38,9.972999999999999,0.03816630276391288,4.592999999999999,120.34175876063078,NG,NG,NG,NG,W2,W2,W2,W2,W2,W2,W2,W2,W2,0.9746,0.0254,W2,1.0,0.0,W2,1.0,0.0,W2,0.9179,0.0635,W2,0.9903,0.0097
14.0,45.0,R3,NG,W2,K014,5.38,9.972999999999999,0.03816630276391288,4.592999999999999,120.34175876063078,NG,NG,NG,NG,W2,W2,W2,W2,W2,W2,W2,W2,W2,0.975,0.025,W2,1.0,0.0,W2,1.0,0.0,W2,0.9183,0.0628,W2,0.9967,0.0033
14.0,45.0,R3,NG,W2,K014,5.42,9.972999999999999,0.03816630276391288,4.552999999999999,119.29371383347527,NG,NG,NG,NG,W2,W2,W2,W2,W2,W2,W2,W2,W2,0.9396,0.0604,W2,1.0,0.0,W2,1.0,0.0,W2,0.8876,0.0926,W2,1.0,0.0
14.0,45.0,R3,NG,W2,K014,5.39,9.972999999999999,0.03816630276391288,4.582999999999999,120.0797475288419,NG,NG,NG,NG,W2,W2,W2,W2,W2,W2,W2,W2,W2,0.9663,0.0337,W2,1.0,0.0,W2,1.0,0.0,W2,0.9119,0.0689,W2,0.8863,0.1137
14.0,45.0,R3,NG,W2,K014,5.41,9.972999999999999,0.03816630276391288,4.562999999999999,119.55572506526414,NG,NG,NG,NG,W2,W2,W2,W2,W2,W2,W2,W2,W2,0.9996,0.0004,W2,1.0,0.0,W2,1.0,0.0,W2,0.9338,0.0468,W2,1.0,0.0
14.0,45.0,R3,NG,W2,K014,5.32,9.972999999999999,0.03816630276391288,4.652999999999999,121.91382615136402,NG,NG,NG,NG,W2,W2,W2,W2,W2,W2,W2,W2,W2,0.9927,0.0073,W2,1.0,0.0,W2,1.0,0.0,W2,0.9488,0.0334,W2,0.9975,0.0025
14.0,45.0,R3,NG,W2,K014,5.36,9.972999999999999,0.03816630276391288,4.612999999999999,120.86578122420852,NG,NG,NG,NG,W2,W2,W2,W2,W2,W2,W2,W2,W2,0.9832,0.0168,W2,1.0,0.0,W2,1.0,0.0,W2,0.9303,0.0513,W2,0.9975,0.0025
14.0,45.0,R3,NG,W2,K014,5.42,9.972999999999999,0.03816630276391288,4.552999999999999,119.29371383347527,NG,NG,NG,NG,W2,W2,W2,W2,W2,W2,W2,W2,W2,0.9995,0.0005,W2,1.0,0.0,W2,1.0,0.0,W2,0.9278,0.0526,W2,1.0,0.0
14.0,45.0,R3,NG,W2,K014,5.37,9.972999999999999,0.03816630276391288,4.602999999999999,120.60376999241964,NG,NG,NG,NG,W2,W2,W2,W2,W2,W2,W2,W2,W2,0.9773,0.0227,W2,1.0,0.0,W2,1.0,0.0,W2,0.9248,0.0564,W2,1.0,0.0
14.0,45.0,R3,NG,W2,K014,5.4,9.972999999999999,0.03816630276391288,4.572999999999999,119.81773629705302,NG,NG,NG,NG,W2,W2,W2,W2,W2,W2,W2,W2,W2,0.9997,0.0003,W2,1.0,0.0,W2,1.0,0.0,W2,0.9391,0.0416,W2,1.0,0.0
14.0,45.0,R3,NG,W2,K014,5.35,9.972999999999999,0.03816630276391288,4.622999999999999,121.12779245599741,NG,NG,NG,NG,W2,W2,W2,W2,W2,W2,W2,W2,W2,0.986,0.014,W2,1.0,0.0,W2,1.0,0.0,W2,0.9375,0.0441,W2,1.0,0.0
14.0,45.0,R3,NG,W2,K014,5.38,9.972999999999999,0.03816630276391288,4.592999999999999,120.34175876063078,NG,NG,NG,NG,W2,W2,W2,W2,W2,W2,W2,W2,W2,0.975,0.025,W2,1.0,0.0,W2,1.0,0.0,W2,0.9183,0.0628,W2,0.9967,0.0033
14.0,45.0,R3,NG,W2,K014,5.34,9.972999999999999,0.03816630276391288,4.632999999999999,121.38980368778628,NG,NG,NG,NG,W2,W2,W2,W2,W2,W2,W2,W2,W2,0.9889,0.0111,W2,1.0,0.0,W2,1.0,0.0,W2,0.9405,0.0412,W2,1.0,0.0
14.0,45.0,R3,NG,W2,K014,5.42,9.972999999999999,0.03816630276391288,4.552999999999999,119.29371383347527,NG,NG,NG,NG,W2,W2,W2,W2,W2,W2,W2,W2,W2,0.9429,0.0571,W2,1.0,0.0,W2,1.0,0.0,W2,0.8878,0.0924,W2,1.0,0.0
14.0,45.0,R3,NG,W2,K014,5.4,9.972999999999999,0.03816630276391288,4.572999999999999,119.81773629705302,NG,NG,NG,NG,W2,W2,W2,W2,W2,W2,W2,W2,W2,0.9615,0.0385,W2,1.0,0.0,W2,1.0,0.0,W2,0.9057,0.075,W2,0.7145,0.2855
15.0,30.0,R3,NG,W2,K015,5.42,9.972999999999999,0.03816630276391288,4.552999999999999,119.29371383347527,NG,NG,NG,NG,W2,W2,W2,W2,W2,W2,W2,W2,W2,0.9396,0.0604,W2,1.0,0.0,W2,1.0,0.0,W2,0.8876,0.0926,W2,1.0,0.0
16.0,55.0,R3,NG,N2,K016,8.61,9.972999999999999,0.03816630276391288,1.3629999999999995,35.7121308928238,NG,NG,NG,NG,N2,N2,N2,N2,N2,N2,N2,N2,N2,1.0,0.0,N2,1.0,0.0,N2,1.0,0.0,N2,0.9432,0.0386,N2,1.0,0.0
17.0,4.0,R3,NG,N2,K017,8.62,9.972999999999999,0.03816630276391288,1.3529999999999998,35.45011966103493,NG,NG,NG,NG,N2,N2,N2,N2,N2,N2,N2,N2,N2,1.0,0.0,N2,1.0,0.0,N2,1.0,0.0,N2,0.9438,0.0382,N2,1.0,0.0
18.0,22.0,R3,NG,N2,K018,8.63,9.972999999999999,0.03816630276391288,1.3429999999999982,35.188108429246014,NG,NG,NG,NG,N2,N2,N2,N2,N2,N2,N2,N2,N2,1.0,0.0,N2,1.0,0.0,N2,1.0,0.0,N2,0.9452,0.037,N2,1.0,0.0
19.0,47.0,R3,NG,N2,K019,8.62,9.972999999999999,0.03816630276391288,1.3529999999999998,35.45011966103493,NG,NG,NG,NG,N2,N2,N2,N2,N2,N2,N2,N2,N2,1.0,0.0,N2,1.0,0.0,N2,1.0,0.0,N2,0.9439,0.0381,N2,1.0,0.0
19.0,47.0,R3,NG,N2,K019,8.54,9.972999999999999,0.03816630276391288,1.4329999999999998,37.54620951534594,NG,NG,NG,NG,N2,N2,N2,N2,N2,N2,N2,N2,N2,1.0,0.0,N2,1.0,0.0,N2,1.0,0.0,N2,0.9406,0.0404,N2,1.0,0.0
19.0,47.0,R3,NG,N2,K019,8.48,9.972999999999999,0.03816630276391288,1.4929999999999986,39.11827690607917,NG,NG,NG,NG,N2,N2,N2,N2,N2,N2,N2,N2,N2,0.9999,0.0001,N2,1.0,0.0,N2,1.0,0.0,N2,0.9337,0.0457,N2,1.0,0.0
19.0,47.0,R3,NG,N2,K019,8.6,9.972999999999999,0.03816630276391288,1.3729999999999993,35.974142124612676,NG,NG,NG,NG,N2,N2,N2,N2,N2,N2,N2,N2,N2,1.0,0.0,N2,1.0,0.0,N2,1.0,0.0,N2,0.9424,0.0392,N2,1.0,0.0
19.0,47.0,R3,NG,N2,K019,8.63,9.972999999999999,0.03816630276391288,1.3429999999999982,35.188108429246014,NG,NG,NG,NG,N2,N2,N2,N2,N2,N2,N2,N2,N2,1.0,0.0,N2,1.0,0.0,N2,1.0,0.0,N2,0.9444,0.0376,N2,1.0,0.0
19.0,47.0,R3,NG,N2,K019,8.6,9.972999999999999,0.03816630276391288,1.3729999999999993,35.974142124612676,NG,NG,NG,NG,N2,N2,N2,N2,N2,N2,N2,N2,N2,1.0,0.0,N2,1.0,0.0,N2,1.0,0.0,N2,0.9422,0.0394,N2,1.0,0.0
19.0,47.0,R3,NG,N2,K019,8.62,9.972999999999999,0.03816630276391288,1.3529999999999998,35.45011966103493,NG,NG,NG,NG,N2,N2,N2,N2,N2,N2,N2,N2,N2,1.0,0.0,N2,1.0,0.0,N2,1.0,0.0,N2,0.9438,0.0382,N2,1.0,0.0
19.0,47.0,R3,NG,N2,K019,8.6,9.972999999999999,0.03816630276391288,1.3729999999999993,35.974142124612676,NG,NG,NG,NG,N2,N2,N2,N2,N2,N2,N2,N2,N2,1.0,0.0,N2,1.0,0.0,N2,1.0,0.0,N2,0.9424,0.0392,N2,1.0,0.0
19.0,47.0,R3,NG,N2,K019,8.54,9.972999999999999,0.03816630276391288,1.4329999999999998,37.54620951534594,NG,NG,NG,NG,N2,N2,N2,N2,N2,N2,N2,N2,N2,1.0,0.0,N2,1.0,0.0,N2,1.0,0.0,N2,0.939,0.0416,N2,1.0,0.0
19.0,47.0,R3,NG,N2,K019,8.64,9.972999999999999,0.03816630276391288,1.3329999999999984,34.926097197457146,NG,NG,NG,NG,N2,N2,N2,N2,N2,N2,N2,N2,N2,1.0,0.0,N2,1.0,0.0,N2,1.0,0.0,N2,0.9444,0.0377,N2,1.0,0.0
19.0,47.0,R3,NG,N2,K019,8.6,9.972999999999999,0.03816630276391288,1.3729999999999993,35.974142124612676,NG,NG,NG,NG,N2,N2,N2,N2,N2,N2,N2,N2,N2,1.0,0.0,N2,1.0,0.0,N2,1.0,0.0,N2,0.9422,0.0394,N2,1.0,0.0
19.0,47.0,R3,NG,N2,K019,8.59,9.972999999999999,0.03816630276391288,1.3829999999999991,36.236153356401545,NG,NG,NG,NG,N2,N2,N2,N2,N2,N2,N2,N2,N2,1.0,0.0,N2,1.0,0.0,N2,1.0,0.0,N2,0.9428,0.0387,N2,1.0,0.0
19.0,47.0,R3,NG,N2,K019,8.57,9.972999999999999,0.03816630276391288,1.4029999999999987,36.76017581997929,NG,NG,NG,NG,N2,N2,N2,N2,N2,N2,N2,N2,N2,1.0,0.0,N2,1.0,0.0,N2,1.0,0.0,N2,0.9413,0.0398,N2,1.0,0.0
19.0,47.0,R3,NG,N2,K019,8.61,9.972999999999999,0.03816630276391288,1.3629999999999995,35.7121308928238,NG,NG,NG,NG,N2,N2,N2,N2,N2,N2,N2,N2,N2,1.0,0.0,N2,1.0,0.0,N2,1.0,0.0,N2,0.9439,0.0381,N2,1.0,0.0
19.0,47.0,R3,NG,N2,K019,8.59,9.972999999999999,0.03816630276391288,1.3829999999999991,36.236153356401545,NG,NG,NG,NG,N2,N2,N2,N2,N2,N2,N2,N2,N2,1.0,0.0,N2,1.0,0.0,N2,1.0,0.0,N2,0.9418,0.0397,N2,1.0,0.0
19.0,47.0,R3,NG,N2,K019,8.5,9.972999999999999,0.03816630276391288,1.472999999999999,38.59425444250142,NG,NG,NG,NG,N2,N2,N2,N2,N2,N2,N2,N2,N2,1.0,0.0,N2,1.0,0.0,N2,1.0,0.0,N2,0.9366,0.0435,N2,1.0,0.0
19.0,47.0,R3,NG,N2,K019,8.62,9.972999999999999,0.03816630276391288,1.3529999999999998,35.45011966103493,NG,NG,NG,NG,N2,N2,N2,N2,N2,N2,N2,N2,N2,1.0,0.0,N2,1.0,0.0,N2,1.0,0.0,N2,0.943,0.0387,N2,1.0,0.0
19.0,47.0,R3,NG,N2,K019,8.61,9.972999999999999,0.03816630276391288,1.3629999999999995,35.7121308928238,NG,NG,NG,NG,N2,N2,N2,N2,N2,N2,N2,N2,N2,1.0,0.0,N2,1.0,0.0,N2,1.0,0.0,N2,0.9431,0.0387,N2,1.0,0.0
19.0,47.0,R3,NG,N2,K019,8.58,9.972999999999999,0.03816630276391288,1.392999999999999,36.49816458819041,NG,NG,NG,NG,N2,N2,N2,N2,N2,N2,N2,N2,N2,1.0,0.0,N2,1.0,0.0,N2,1.0,0.0,N2,0.9427,0.0388,N2,1.0,0.0
19.0,47.0,R3,NG,N2,K019,8.59,9.972999999999999,0.03816630276391288,1.3829999999999991,36.236153356401545,NG,NG,NG,NG,N2,N2,N2,N2,N2,N2,N2,N2,N2,1.0,0.0,N2,1.0,0.0,N2,1.0,0.0,N2,0.9418,0.0397,N2,1.0,0.0
19.0,47.0,R3,NG,N2,K019,8.63,9.972999999999999,0.03816630276391288,1.3429999999999982,35.188108429246014,NG,NG,NG,NG,N2,N2,N2,N2,N2,N2,N2,N2,N2,1.0,0.0,N2,1.0,0.0,N2,1.0,0.0,N2,0.9443,0.0378,N2,1.0,0.0
19.0,47.0,R3,NG,N2,K019,8.63,9.972999999999999,0.03816630276391288,1.3429999999999982,35.188108429246014,NG,NG,NG,NG,N2,N2,N2,N2,N2,N2,N2,N2,N2,1.0,0.0,N2,1.0,0.0,N2,1.0,0.0,N2,0.9443,0.0378,N2,1.0,0.0
19.0,47.0,R3,NG,N2,K019,8.59,9.972999999999999,0.03816630276391288,1.3829999999999991,36.236153356401545,NG,NG,NG,NG,N2,N2,N2,N2,N2,N2,N2,N2,N2,1.0,0.0,N2,1.0,0.0,N2,1.0,0.0,N2,0.9418,0.0397,N2,1.0,0.0
19.0,47.0,R3,NG,N2,K019,8.56,9.972999999999999,0.03816630276391288,1.4129999999999985,37.02218705176816,NG,NG,NG,NG,N2,N2,N2,N2,N2,N2,N2,N2,N2,1.0,0.0,N2,1.0,0.0,N2,1.0,0.0,N2,0.9412,0.0399,N2,1.0,0.0
19.0,47.0,R3,NG,N2,K019,8.58,9.972999999999999,0.03816630276391288,1.392999999999999,36.49816458819041,NG,NG,NG,NG,N2,N2,N2,N2,N2,N2,N2,N2,N2,1.0,0.0,N2,1.0,0.0,N2,1.0,0.0,N2,0.9417,0.0398,N2,1.0,0.0
19.0,47.0,R3,NG,N2,K019,8.63,9.972999999999999,0.03816630276391288,1.3429999999999982,35.188108429246014,NG,NG,NG,NG,N2,N2,N2,N2,N2,N2,N2,N2,N2,1.0,0.0,N2,1.0,0.0,N2,1.0,0.0,N2,0.9452,0.037,N2,1.0,0.0
19.0,47.0,R3,NG,N2,K019,8.59,9.972999999999999,0.03816630276391288,1.3829999999999991,36.236153356401545,NG,NG,NG,NG,N2,N2,N2,N2,N2,N2,N2,N2,N2,1.0,0.0,N2,1.0,0.0,N2,1.0,0.0,N2,0.9424,0.0392,N2,1.0,0.0
21.0,29.0,R4,OK,NONE,K021,8.95,8.93833333333333,0.03453633768496085,-0.01166666666666849,-0.3378084489760141,OK,OK,OK,OK,NONE,NONE,NONE,NONE,NONE,NONE,NONE,NONE,NONE,1.0,0.0,NONE,1.0,0.0,NONE,1.0,0.0,NONE,1.0,0.0,NONE,1.0,0.0
22.0,11.0,R4,OK,NONE,K022,8.94,8.93833333333333,0.03453633768496085,-0.0016666666666687036,-0.04825834985376773,OK,OK,OK,OK,NONE,NONE,NONE,NONE,NONE,NONE,NONE,NONE,NONE,1.0,0.0,NONE,1.0,0.0,NONE,1.0,0.0,NONE,1.0,0.0,NONE,1.0,0.0
23.0,43.0,R4,OK,NONE,K023,8.94,8.93833333333333,0.03453633768496085,-0.0016666666666687036,-0.04825834985376773,OK,OK,OK,OK,NONE,NONE,NONE,NONE,NONE,NONE,NONE,NONE,NONE,1.0,0.0,NONE,1.0,0.0,NONE,1.0,0.0,NONE,1.0,0.0,NONE,1.0,0.0
24.0,23.0,R4,OK,NONE,K024,8.89,8.93833333333333,0.03453633768496085,0.04833333333333023,1.399492145757464,OK,OK,OK,OK,NONE,NONE,NONE,NONE,NONE,NONE,NONE,NONE,NONE,1.0,0.0,NONE,1.0,0.0,NONE,1.0,0.0,NONE,1.0,0.0,NONE,1.0,0.0
25.0,39.0,R4,OK,NONE,K025,8.89,8.93833333333333,0.03453633768496085,0.04833333333333023,1.399492145757464,OK,OK,OK,OK,NONE,NONE,NONE,NONE,NONE,NONE,NONE,NONE,NONE,1.0,0.0,NONE,1.0,0.0,NONE,1.0,0.0,NONE,1.0,0.0,NONE,1.0,0.0
26.0,31.0,R4,OK,NONE,K026,8.88,8.93833333333333,0.03453633768496085,0.05833333333333002,1.6890422448797104,OK,OK,OK,OK,NONE,NONE,NONE,NONE,NONE,NONE,NONE,NONE,NONE,1.0,0.0,NONE,1.0,0.0,NONE,1.0,0.0,NONE,1.0,0.0,NONE,1.0,0.0
27.0,29.0,R4,OK,NONE,K027,8.91,8.93833333333333,0.03453633768496085,0.028333333333330657,0.8203919475129713,OK,OK,OK,OK,NONE,NONE,NONE,NONE,NONE,NONE,NONE,NONE,NONE,1.0,0.0,NONE,1.0,0.0,NONE,1.0,0.0,NONE,1.0,0.0,NONE,1.0,0.0
28.0,27.0,R4,OK,NONE,K028,8.85,8.93833333333333,0.03453633768496085,0.08833333333333115,2.557692542246501,OK,OK,OK,OK,NONE,NONE,NONE,NONE,NONE,NONE,NONE,NONE,NONE,1.0,0.0,NONE,1.0,0.0,NONE,1.0,0.0,NONE,1.0,0.0,NONE,1.0,0.0
29.0,25.0,R4,OK,NONE,K029,8.88,8.93833333333333,0.03453633768496085,0.05833333333333002,1.6890422448797104,OK,OK,OK,OK,NONE,NONE,NONE,NONE,NONE,NONE,NONE,NONE,NONE,1.0,0.0,NONE,1.0,0.0,NONE,1.0,0.0,NONE,1.0,0.0,NONE,1.0,0.0
30.0,23.0,R4,OK,NONE,K030,8.87,8.93833333333333,0.03453633768496085,0.06833333333333158,1.9785923440020081,OK,OK,OK,OK,NONE,NONE,NONE,NONE,NONE,NONE,NONE,NONE,NONE,1.0,0.0,NONE,1.0,0.0,NONE,1.0,0.0,NONE,1.0,0.0,NONE,1.0,0.0
31.0,21.0,R4,OK,NONE,K031,8.89,8.93833333333333,0.03453633768496085,0.04833333333333023,1.399492145757464,OK,OK,OK,OK,NONE,NONE,NONE,NONE,NONE,NONE,NONE,NONE,NONE,1.0,0.0,NONE,1.0,0.0,NONE,1.0,0.0,NONE,1.0,0.0,NONE,1.0,0.0
32.0,19.0,R4,OK,NONE,K032,8.87,8.93833333333333,0.03453633768496085,0.06833333333333158,1.9785923440020081,OK,OK,OK,OK,NONE,NONE,NONE,NONE,NONE,NONE,NONE,NONE,NONE,1.0,0.0,NONE,1.0,0.0,NONE,1.0,0.0,NONE,1.0,0.0,NONE,1.0,0.0
33.0,17.0,R4,OK,NONE,K033,8.97,8.93833333333333,0.03453633768496085,-0.03166666666666984,-0.9169086472205582,OK,OK,OK,OK,NONE,NONE,NONE,NONE,NONE,NONE,NONE,NONE,NONE,1.0,0.0,NONE,1.0,0.0,NONE,1.0,0.0,NONE,1.0,0.0,NONE,1.0,0.0
34.0,15.0,R4,OK,NONE,K034,8.94,8.93833333333333,0.03453633768496085,-0.0016666666666687036,-0.04825834985376773,OK,OK,OK,OK,NONE,NONE,NONE,NONE,NONE,NONE,NONE,NONE,NONE,1.0,0.0,NONE,1.0,0.0,NONE,1.0,0.0,NONE,1.0,0.0,NONE,1.0,0.0
35.0,13.0,R4,OK,NONE,K035,8.89,8.93833333333333,0.03453633768496085,0.04833333333333023,1.399492145757464,OK,OK,OK,OK,NONE,NONE,NONE,NONE,NONE,NONE,NONE,NONE,NONE,1.0,0.0,NONE,1.0,0.0,NONE,1.0,0.0,NONE,1.0,0.0,NONE,1.0,0.0
36.0,11.0,R4,OK,NONE,K036,8.88,8.93833333333333,0.03453633768496085,0.05833333333333002,1.6890422448797104,OK,OK,OK,OK,NONE,NONE,NONE,NONE,NONE,NONE,NONE,NONE,NONE,1.0,0.0,NONE,1.0,0.0,NONE,1.0,0.0,NONE,1.0,0.0,NONE,1.0,0.0
37.0,9.0,R4,OK,NONE,K037,8.93,8.93833333333333,0.03453633768496085,0.008333333333331083,0.24129174926847863,OK,OK,OK,OK,NONE,NONE,NONE,NONE,NONE,NONE,NONE,NONE,NONE,1.0,0.0,NONE,1.0,0.0,NONE,1.0,0.0,NONE,1.0,0.0,NONE,1.0,0.0
38.0,7.0,R4,OK,NONE,K038,8.93,8.93833333333333,0.03453633768496085,0.008333333333331083,0.24129174926847863,OK,OK,OK,OK,NONE,NONE,NONE,NONE,NONE,NONE,NONE,NONE,NONE,1.0,0.0,NONE,1.0,0.0,NONE,1.0,0.0,NONE,1.0,0.0,NONE,1.0,0.0
39.0,5.0,R4,OK,NONE,K039,8.92,8.93833333333333,0.03453633768496085,0.01833333333333087,0.530841848390725,OK,OK,OK,OK,NONE,NONE,NONE,NONE,NONE,NONE,NONE,NONE,NONE,1.0,0.0,NONE,1.0,0.0,NONE,1.0,0.0,NONE,1.0,0.0,NONE,1.0,0.0
40.0,3.0,R4,OK,NONE,K040,8.88,8.93833333333333,0.03453633768496085,0.05833333333333002,1.6890422448797104,OK,OK,OK,OK,NONE,NONE,NONE,NONE,NONE,NONE,NONE,NONE,NONE,1.0,0.0,NONE,1.0,0.0,NONE,1.0,0.0,NONE,1.0,0.0,NONE,1.0,0.0
41.0,1.0,R4,OK,NONE,K041,8.9,8.93833333333333,0.03453633768496085,0.038333333333330444,1.1099420466352177,OK,OK,OK,OK,NONE,NONE,NONE,NONE,NONE,NONE,NONE,NONE,NONE,1.0,0.0,NONE,1.0,0.0,NONE,1.0,0.0,NONE,1.0,0.0,NONE,1.0,0.0
42.0,-1.0,R4,OK,NONE,K042,8.87,8.93833333333333,0.03453633768496085,0.06833333333333158,1.9785923440020081,OK,OK,OK,OK,NONE,NONE,NONE,NONE,NONE,NONE,NONE,NONE,NONE,1.0,0.0,NONE,1.0,0.0,NONE,1.0,0.0,NONE,1.0,0.0,NONE,1.0,0.0
43.0,-3.0,R4,OK,NONE,K043,8.93,8.93833333333333,0.03453633768496085,0.008333333333331083,0.24129174926847863,OK,OK,OK,OK,NONE,NONE,NONE,NONE,NONE,NONE,NONE,NONE,NONE,1.0,0.0,NONE,1.0,0.0,NONE,1.0,0.0,NONE,1.0,0.0,NONE,1.0,0.0
44.0,-5.0,R4,OK,NONE,K044,8.94,8.93833333333333,0.03453633768496085,-0.0016666666666687036,-0.04825834985376773,OK,OK,OK,OK,NONE,NONE,NONE,NONE,NONE,NONE,NONE,NONE,NONE,1.0,0.0,NONE,1.0,0.0,NONE,1.0,0.0,NONE,1.0,0.0,NONE,1.0,0.0
44.0,-5.0,R4,OK,NONE,K044,8.88,8.93833333333333,0.03453633768496085,0.05833333333333002,1.6890422448797104,OK,OK,OK,OK,NONE,NONE,NONE,NONE,NONE,NONE,NONE,NONE,NONE,1.0,0.0,NONE,1.0,0.0,NONE,1.0,0.0,NONE,1.0,0.0,NONE,1.0,0.0
44.0,-5.0,R4,OK,NONE,K044,8.89,8.93833333333333,0.03453633768496085,0.04833333333333023,1.399492145757464,OK,OK,OK,OK,NONE,NONE,NONE,NONE,NONE,NONE,NONE,NONE,NONE,1.0,0.0,NONE,1.0,0.0,NONE,1.0,0.0,NONE,1.0,0.0,NONE,1.0,0.0
44.0,-5.0,R4,OK,NONE,K044,8.88,8.93833333333333,0.03453633768496085,0.05833333333333002,1.6890422448797104,OK,OK,OK,OK,NONE,NONE,NONE,NONE,NONE,NONE,NONE,NONE,NONE,1.0,0.0,NONE,1.0,0.0,NONE,1.0,0.0,NONE,1.0,0.0,NONE,1.0,0.0
44.0,-5.0,R4,OK,NONE,K044,8.71,8.93833333333333,0.03453633768496085,0.22833333333332995,6.611393929958001,NG,NG,NG,NG,W1,W1,W1,N1,N1,W1,N1,N1,NONE,1.0,0.0,NONE,1.0,0.0,NONE,1.0,0.0,NONE,1.0,0.0,NONE,1.0,0.0
44.0,-5.0,R4,OK,NONE,K044,8.94,8.93833333333333,0.03453633768496085,-0.0016666666666687036,-0.04825834985376773,OK,OK,OK,OK,NONE,NONE,NONE,NONE,NONE,NONE,NONE,NONE,NONE,1.0,0.0,NONE,1.0,0.0,NONE,1.0,0.0,NONE,1.0,0.0,NONE,1.0,0.0
45.0,-7.0,R4,OK,NONE,K045,8.97,8.93833333333333,0.03453633768496085,-0.03166666666666984,-0.9169086472205582,OK,OK,OK,OK,NONE,NONE,NONE,NONE,NONE,NONE,NONE,NONE,NONE,1.0,0.0,NONE,1.0,0.0,NONE,1.0,0.0,NONE,1.0,0.0,NONE,1.0,0.0
26.0,25.0,R4,NG,S1,K026,6.18,8.93833333333333,0.03453633768496085,2.758333333333331,79.86756900788792,NG,NG,NG,NG,S1,S1,S1,S1,S1,S1,S1,S1,S1,0.9999,0.0001,S1,1.0,0.0,S1,1.0,0.0,S1,0.911,0.037,S1,1.0,0.0
27.0,1.0,R4,NG,S1,K027,6.18,8.93833333333333,0.03453633768496085,2.758333333333331,79.86756900788792,NG,NG,NG,NG,S1,S1,S1,S1,S1,S1,S1,S1,S1,0.9999,0.0001,S1,1.0,0.0,S1,1.0,0.0,S1,0.9092,0.0364,S1,1.0,0.0
28.0,26.0,R4,NG,S1,K028,6.15,8.93833333333333,0.03453633768496085,2.7883333333333304,80.73621930525466,NG,NG,NG,NG,S1,S1,S1,S1,S1,S1,S1,S1,S1,0.9999,0.0,S1,1.0,0.0,S1,1.0,0.0,S1,0.9104,0.0387,S1,1.0,0.0
29.0,52.0,R4,NG,S1,K029,6.12,8.93833333333333,0.03453633768496085,2.8183333333333307,81.60486960262142,NG,NG,NG,NG,S1,S1,S1,S1,S1,S1,S1,S1,S1,0.9999,0.0,S1,1.0,0.0,S1,1.0,0.0,S1,0.9096,0.0426,S1,1.0,0.0
41.0,7.0,R4,NG,S1,K041,6.16,8.93833333333333,0.03453633768496085,2.7783333333333307,80.44666920613241,NG,NG,NG,NG,S1,S1,S1,S1,S1,S1,S1,S1,S1,0.9999,0.0,S1,1.0,0.0,S1,1.0,0.0,S1,0.9103,0.0379,S1,1.0,0.0
39.8,26.7,R4,NG,S1,K026,6.19,8.93833333333333,0.03453633768496085,2.7483333333333304,79.57801890876566,NG,NG,NG,NG,S1,S1,S1,S1,S1,S1,S1,S1,S1,0.9999,0.0001,S1,1.0,0.0,S1,1.0,0.0,S1,0.9091,0.037,S1,1.0,0.0
43.0,28.2,R4,NG,S1,K027,6.18,8.93833333333333,0.03453633768496085,2.758333333333331,79.86756900788792,NG,NG,NG,NG,S1,S1,S1,S1,S1,S1,S1,S1,S1,0.9999,0.0001,S1,1.0,0.0,S1,1.0,0.0,S1,0.911,0.037,S1,1.0,0.0
46.2,29.7,R4,NG,S1,K028,6.13,8.93833333333333,0.03453633768496085,2.808333333333331,81.31531950349918,NG,NG,NG,NG,S1,S1,S1,S1,S1,S1,S1,S1,S1,0.9999,0.0001,S1,1.0,0.0,S1,1.0,0.0,S1,0.9105,0.0429,S1,1.0,0.0
49.4,31.2,R4,NG,S1,K029,6.22,8.93833333333333,0.03453633768496085,2.718333333333331,78.70936861139892,NG,NG,NG,NG,S1,S1,S1,S1,S1,S1,S1,S1,S1,0.9999,0.0001,S1,1.0,0.0,S1,1.0,0.0,S1,0.9058,0.0413,S1,1.0,0.0
52.6,32.7,R4,NG,S1,K041,6.17,8.93833333333333,0.03453633768496085,2.768333333333331,80.15711910701017,NG,NG,NG,NG,S1,S1,S1,S1,S1,S1,S1,S1,S1,0.9999,0.0,S1,1.0,0.0,S1,1.0,0.0,S1,0.9094,0.038,S1,1.0,0.0
55.8,34.2,R4,NG,S1,K026,6.16,8.93833333333333,0.03453633768496085,2.7783333333333307,80.44666920613241,NG,NG,NG,NG,S1,S1,S1,S1,S1,S1,S1,S1,S1,0.9999,0.0,S1,1.0,0.0,S1,1.0,0.0,S1,0.9095,0.0391,S1,1.0,0.0
59.0,35.7,R4,NG,S1,K027,6.17,8.93833333333333,0.03453633768496085,2.768333333333331,80.15711910701017,NG,NG,NG,NG,S1,S1,S1,S1,S1,S1,S1,S1,S1,0.9999,0.0,S1,1.0,0.0,S1,1.0,0.0,S1,0.9097,0.0365,S1,1.0,0.0
62.2,37.2,R4,NG,S1,K028,6.14,8.93833333333333,0.03453633768496085,2.798333333333331,81.02576940437693,NG,NG,NG,NG,S1,S1,S1,S1,S1,S1,S1,S1,S1,0.9999,0.0,S1,1.0,0.0,S1,1.0,0.0,S1,0.9092,0.0417,S1,1.0,0.0
65.4,38.7,R4,NG,S1,K029,6.2,8.93833333333333,0.03453633768496085,2.7383333333333306,79.2884688096434,NG,NG,NG,NG,S1,S1,S1,S1,S1,S1,S1,S1,S1,0.9999,0.0001,S1,1.0,0.0,S1,1.0,0.0,S1,0.9078,0.0387,S1,1.0,0.0
68.6,40.2,R4,NG,S1,K041,6.19,8.93833333333333,0.03453633768496085,2.7483333333333304,79.57801890876566,NG,NG,NG,NG,S1,S1,S1,S1,S1,S1,S1,S1,S1,0.9999,0.0001,S1,1.0,0.0,S1,1.0,0.0,S1,0.9091,0.037,S1,1.0,0.0
71.8,41.7,R4,NG,S1,K026,6.19,8.93833333333333,0.03453633768496085,2.7483333333333304,79.57801890876566,NG,NG,NG,NG,S1,S1,S1,S1,S1,S1,S1,S1,S1,0.9999,0.0001,S1,1.0,0.0,S1,1.0,0.0,S1,0.909,0.0374,S1,1.0,0.0
75.0,43.2,R4,NG,S1,K027,6.13,8.93833333333333,0.03453633768496085,2.808333333333331,81.31531950349918,NG,NG,NG,NG,S1,S1,S1,S1,S1,S1,S1,S1,S1,0.9999,0.0,S1,1.0,0.0,S1,1.0,0.0,S1,0.9089,0.0432,S1,1.0,0.0
78.2,44.7,R4,NG,S1,K028,6.17,8.93833333333333,0.03453633768496085,2.768333333333331,80.15711910701017,NG,NG,NG,NG,S1,S1,S1,S1,S1,S1,S1,S1,S1,0.9999,0.0,S1,1.0,0.0,S1,1.0,0.0,S1,0.9094,0.038,S1,1.0,0.0
81.4,46.2,R4,NG,S1,K029,6.19,8.93833333333333,0.03453633768496085,2.7483333333333304,79.57801890876566,NG,NG,NG,NG,S1,S1,S1,S1,S1,S1,S1,S1,S1,0.9999,0.0001,S1,1.0,0.0,S1,1.0,0.0,S1,0.9106,0.0361,S1,1.0,0.0
84.6,47.7,R4,NG,S1,K041,6.09,8.93833333333333,0.03453633768496085,2.848333333333331,82.47351989998819,NG,NG,NG,NG,S1,S1,S1,S1,S1,S1,S1,S1,S1,0.9999,0.0001,S1,1.0,0.0,S1,1.0,0.0,S1,0.9057,0.0499,S1,0.9967,0.0033
87.8,49.2,R4,NG,S1,K026,6.19,8.93833333333333,0.03453633768496085,2.7483333333333304,79.57801890876566,NG,NG,NG,NG,S1,S1,S1,S1,S1,S1,S1,S1,S1,0.9999,0.0001,S1,1.0,0.0,S1,1.0,0.0,S1,0.909,0.0374,S1,1.0,0.0
91.0,50.7,R4,NG,S1,K027,6.18,8.93833333333333,0.03453633768496085,2.758333333333331,79.86756900788792,NG,NG,NG,NG,S1,S1,S1,S1,S1,S1,S1,S1,S1,0.9999,0.0001,S1,1.0,0.0,S1,1.0,0.0,S1,0.911,0.037,S1,1.0,0.0
94.2,52.2,R4,NG,S1,K028,6.19,8.93833333333333,0.03453633768496085,2.7483333333333304,79.57801890876566,NG,NG,NG,NG,S1,S1,S1,S1,S1,S1,S1,S1,S1,0.9999,0.0001,S1,1.0,0.0,S1,1.0,0.0,S1,0.909,0.0374,S1,1.0,0.0
97.4,53.7,R4,NG,S1,K029,6.15,8.93833333333333,0.03453633768496085,2.7883333333333304,80.73621930525466,NG,NG,NG,NG,S1,S1,S1,S1,S1,S1,S1,S1,S1,0.9999,0.0001,S1,1.0,0.0,S1,1.0,0.0,S1,0.9111,0.0403,S1,1.0,0.0
100.6,55.2,R4,NG,S1,K041,6.16,8.93833333333333,0.03453633768496085,2.7783333333333307,80.44666920613241,NG,NG,NG,NG,S1,S1,S1,S1,S1,S1,S1,S1,S1,0.9999,0.0,S1,1.0,0.0,S1,1.0,0.0,S1,0.9102,0.0375,S1,1.0,0.0
103.8,56.7,R4,NG,S1,K026,6.16,8.93833333333333,0.03453633768496085,2.7783333333333307,80.44666920613241,NG,NG,NG,NG,S1,S1,S1,S1,S1,S1,S1,S1,S1,0.9999,0.0,S1,1.0,0.0,S1,1.0,0.0,S1,0.9103,0.0379,S1,1.0,0.0
107.0,58.2,R4,NG,S1,K027,6.15,8.93833333333333,0.03453633768496085,2.7883333333333304,80.73621930525466,NG,NG,NG,NG,S1,S1,S1,S1,S1,S1,S1,S1,S1,0.9999,0.0,S1,1.0,0.0,S1,1.0,0.0,S1,0.9103,0.0391,S1,1.0,0.0
110.2,59.7,R4,NG,S1,K028,6.17,8.93833333333333,0.03453633768496085,2.768333333333331,80.15711910701017,NG,NG,NG,NG,S1,S1,S1,S1,S1,S1,S1,S1,S1,0.9999,0.0,S1,1.0,0.0,S1,1.0,0.0,S1,0.9097,0.0365,S1,1.0,0.0
113.4,61.2,R4,NG,S1,K029,6.2,8.93833333333333,0.03453633768496085,2.7383333333333306,79.2884688096434,NG,NG,NG,NG,S1,S1,S1,S1,S1,S1,S1,S1,S1,0.9999,0.0001,S1,1.0,0.0,S1,1.0,0.0,S1,0.9082,0.0386,S1,1.0,0.0
116.6,62.7,R4,NG,S1,K041,6.14,8.93833333333333,0.03453633768496085,2.798333333333331,81.02576940437693,NG,NG,NG,NG,S1,S1,S1,S1,S1,S1,S1,S1,S1,0.9999,0.0,S1,1.0,0.0,S1,1.0,0.0,S1,0.9103,0.0403,S1,1.0,0.0
30.0,19.0,R4,NG,W1,K030,7.99,8.93833333333333,0.03453633768496085,0.9483333333333306,27.4590010667602,NG,NG,NG,NG,W1,W1,W1,W1,W1,W1,W1,W1,W1,0.9984,0.0016,W1,1.0,0.0,W1,0.9999,0.0001,W1,0.9557,0.0168,W1,1.0,0.0
31.0,32.0,R4,NG,W1,K031,7.97,8.93833333333333,0.03453633768496085,0.968333333333331,28.03810126500472,NG,NG,NG,NG,W1,W1,W1,W1,W1,W1,W1,W1,W1,0.9962,0.0038,W1,1.0,0.0,W1,0.9994,0.0006,W1,0.9452,0.024,W1,1.0,0.0
32.0,37.0,R4,NG,W1,K032,7.97,8.93833333333333,0.03453633768496085,0.968333333333331,28.03810126500472,NG,NG,NG,NG,W1,W1,W1,W1,W1,W1,W1,W1,W1,0.9977,0.0023,W1,1.0,0.0,W1,0.9998,0.0002,W1,0.9485,0.0206,W1,1.0,0.0
33.0,27.0,R4,NG,W1,K033,7.94,8.93833333333333,0.03453633768496085,0.9983333333333304,28.906751562371458,NG,NG,NG,NG,W1,W1,W1,W1,W1,W1,W1,W1,W1,0.9999,0.0001,W1,1.0,0.0,W1,1.0,0.0,W1,0.9367,0.029,W1,1.0,0.0
42.0,48.0,R4,NG,W1,K042,7.96,8.93833333333333,0.03453633768496085,0.9783333333333308,28.327651364126964,NG,NG,NG,NG,W1,W1,W1,W1,W1,W1,W1,W1,W1,0.9941,0.0059,W1,1.0,0.0,W1,0.9988,0.0012,W1,0.9328,0.0363,W1,1.0,0.0
41.4,48.5,R4,NG,W1,K030,8.02,8.93833333333333,0.03453633768496085,0.9183333333333312,26.590350769393464,NG,NG,NG,NG,W1,W1,W1,W1,W1,W1,W1,W1,W1,0.9994,0.0006,W1,1.0,0.0,W1,1.0,0.0,W1,0.9609,0.0164,W1,1.0,0.0
44.0,53.8,R4,NG,W1,K031,8.07,8.93833333333333,0.03453633768496085,0.8683333333333305,25.14260027378218,NG,NG,NG,NG,W1,W1,W1,W1,W1,W1,W1,W1,W1,1.0,0.0,W1,1.0,0.0,W1,1.0,0.0,W1,0.9678,0.0151,W1,0.9125,0.0875
46.6,59.1,R4,NG,W1,K032,7.89,8.93833333333333,0.03453633768496085,1.0483333333333311,30.354502057982742,NG,NG,NG,NG,W1,W1,W1,N1,N1,W1,W1,W1,W1,0.8843,0.1157,W1,1.0,0.0,W1,0.9334,0.0666,W1,0.752,0.2161,W1,1.0,0.0
49.2,64.4,R4,NG,W1,K033,7.91,8.93833333333333,0.03453633768496085,1.0283333333333307,29.775401859738224,NG,NG,NG,NG,W1,W1,W1,W1,W1,W1,W1,W1,W1,0.9517,0.0483,W1,1.0,0.0,W1,0.9733,0.0267,W1,0.8315,0.1368,W1,1.0,0.0
51.8,69.7,R4,NG,W1,K042,7.95,8.93833333333333,0.03453633768496085,0.9883333333333306,28.617201463249213,NG,NG,NG,NG,W1,W1,W1,W1,W1,W1,W1,W1,W1,1.0,0.0,W1,1.0,0.0,W1,1.0,0.0,W1,0.946,0.0201,W1,1.0,0.0
54.4,75.0,R4,NG,W1,K030,7.95,8.93833333333333,0.03453633768496085,0.9883333333333306,28.617201463249213,NG,NG,NG,NG,W1,W1,W1,W1,W1,W1,W1,W1,W1,1.0,0.0,W1,1.0,0.0,W1,1.0,0.0,W1,0.946,0.0201,W1,1.0,0.0
57.0,80.3,R4,NG,W1,K031,7.9,8.93833333333333,0.03453633768496085,1.0383333333333304,30.06495195886047,NG,NG,NG,NG,W1,W1,W1,W1,W1,W1,W1,W1,W1,0.951,0.049,W1,1.0,0.0,W1,0.9779,0.0221,W1,0.8289,0.1393,W1,1.0,0.0
59.6,85.6,R4,NG,W1,K032,7.91,8.93833333333333,0.03453633768496085,1.0283333333333307,29.775401859738224,NG,NG,NG,NG,W1,W1,W1,W1,W1,W1,W1,W1,W1,0.9517,0.0483,W1,1.0,0.0,W1,0.9733,0.0267,W1,0.8315,0.1368,W1,1.0,0.0
62.2,90.9,R4,NG,W1,K033,7.98,8.93833333333333,0.03453633768496085,0.9583333333333304,27.748551165882446,NG,NG,NG,NG,W1,W1,W1,W1,W1,W1,W1,W1,W1,0.9975,0.0025,W1,1.0,0.0,W1,0.9997,0.0003,W1,0.9512,0.0182,W1,1.0,0.0
64.8,96.2,R4,NG,W1,K042,7.95,8.93833333333333,0.03453633768496085,0.9883333333333306,28.617201463249213,NG,NG,NG,NG,W1,W1,W1,W1,W1,W1,W1,W1,W1,0.991,0.009,W1,1.0,0.0,W1,0.9978,0.0022,W1,0.9266,0.0425,W1,1.0,0.0
67.4,101.5,R4,NG,W1,K030,7.96,8.93833333333333,0.03453633768496085,0.9783333333333308,28.327651364126964,NG,NG,NG,NG,W1,W1,W1,W1,W1,W1,W1,W1,W1,0.9941,0.0059,W1,1.0,0.0,W1,0.9988,0.0012,W1,0.9328,0.0363,W1,1.0,0.0
70.0,106.8,R4,NG,W1,K031,7.97,8.93833333333333,0.03453633768496085,0.968333333333331,28.03810126500472,NG,NG,NG,NG,W1,W1,W1,W1,W1,W1,W1,W1,W1,0.9952,0.0048,W1,1.0,0.0,W1,0.9996,0.0004,W1,0.9396,0.0293,W1,1.0,0.0
72.6,112.1,R4,NG,W1,K032,7.91,8.93833333333333,0.03453633768496085,1.0283333333333307,29.775401859738224,NG,NG,NG,NG,W1,W1,W1,W1,W1,W1,W1,W1,W1,0.9457,0.0543,W1,1.0,0.0,W1,0.9799,0.0201,W1,0.8329,0.1352,W1,1.0,0.0
75.2,117.4,R4,NG,W1,K033,7.93,8.93833333333333,0.03453633768496085,1.008333333333331,29.19630166149373,NG,NG,NG,NG,W1,W1,W1,W1,W1,W1,W1,W1,W1,0.9865,0.0135,W1,1.0,0.0,W1,0.9971,0.0029,W1,0.9065,0.0626,W1,1.0,0.0
77.8,122.7,R4,NG,W1,K042,7.94,8.93833333333333,0.03453633768496085,0.9983333333333304,28.906751562371458,NG,NG,NG,NG,W1,W1,W1,W1,W1,W1,W1,W1,W1,0.9861,0.0139,W1,1.0,0.0,W1,0.9958,0.0042,W1,0.9127,0.0566,W1,1.0,0.0
80.4,128.0,R4,NG,W1,K030,7.89,8.93833333333333,0.03453633768496085,1.0483333333333311,30.354502057982742,NG,NG,NG,NG,W1,W1,W1,N1,N1,W1,W1,W1,W1,0.8905,0.1095,W1,1.0,0.0,W1,0.9183,0.0817,W1,0.7518,0.2168,W1,0.9983,0.0017
83.0,133.3,R4,NG,W1,K031,7.95,8.93833333333333,0.03453633768496085,0.9883333333333306,28.617201463249213,NG,NG,NG,NG,W1,W1,W1,W1,W1,W1,W1,W1,W1,0.9943,0.0057,W1,1.0,0.0,W1,0.9993,0.0007,W1,0.9331,0.0358,W1,1.0,0.0
85.6,138.6,R4,NG,W1,K032,7.9,8.93833333333333,0.03453633768496085,1.0383333333333304,30.06495195886047,NG,NG,NG,NG,W1,W1,W1,W1,W1,W1,W1,W1,W1,0.9202,0.0798,W1,1.0,0.0,W1,0.9631,0.0369,W1,0.7962,0.1719,W1,1.0,0.0
88.2,143.9,R4,NG,W1,K033,7.99,8.93833333333333,0.03453633768496085,0.9483333333333306,27.4590010667602,NG,NG,NG,NG,W1,W1,W1,W1,W1,W1,W1,W1,W1,0.999,0.001,W1,1.0,0.0,W1,1.0,0.0,W1,0.9573,0.0168,W1,1.0,0.0
90.8,149.2,R4,NG,W1,K042,7.97,8.93833333333333,0.03453633768496085,0.968333333333331,28.03810126500472,NG,NG,NG,NG,W1,W1,W1,W1,W1,W1,W1,W1,W1,1.0,0.0,W1,1.0,0.0,W1,1.0,0.0,W1,0.9566,0.0193,W1,1.0,0.0
93.4,154.5,R4,NG,W1,K030,7.96,8.93833333333333,0.03453633768496085,0.9783333333333308,28.327651364126964,NG,NG,NG,NG,W1,W1,W1,W1,W1,W1,W1,W1,W1,0.9941,0.0059,W1,1.0,0.0,W1,0.9988,0.0012,W1,0.9328,0.0363,W1,1.0,0.0
96.0,159.8,R4,NG,W1,K031,7.99,8.93833333333333,0.03453633768496085,0.9483333333333306,27.4590010667602,NG,NG,NG,NG,W1,W1,W1,W1,W1,W1,W1,W1,W1,0.9984,0.0016,W1,1.0,0.0,W1,0.9998,0.0002,W1,0.9531,0.0169,W1,1.0,0.0
98.6,165.1,R4,NG,W1,K032,7.87,8.93833333333333,0.03453633768496085,1.0683333333333307,30.933602256227235,NG,NG,NG,NG,W1,W1,W1,N1,N1,W1,N1,N1,W1,0.8543,0.1457,W1,1.0,0.0,W1,0.9616,0.0384,W1,0.6332,0.3325,W1,0.905,0.095
101.2,170.4,R4,NG,W1,K033,7.72,8.93833333333333,0.03453633768496085,1.218333333333331,35.27685374306103,NG,NG,NG,NG,N1,N1,N1,N1,N1,N1,N1,N1,N1,0.9999,0.0001,N1,1.0,0.0,N1,1.0,0.0,N1,0.9547,0.0239,N1,1.0,0.0
103.8,175.7,R4,NG,W1,K042,7.95,8.93833333333333,0.03453633768496085,0.9883333333333306,28.617201463249213,NG,NG,NG,NG,W1,W1,W1,W1,W1,W1,W1,W1,W1,0.9891,0.0109,W1,1.0,0.0,W1,0.9984,0.0016,W1,0.9195,0.0494,W1,1.0,0.0
-17.0,62.4999999999999,R4,NG,N1,K034,7.72,8.93833333333333,0.03453633768496085,1.218333333333331,35.27685374306103,NG,NG,NG,NG,N1,N1,N1,N1,N1,N1,N1,N1,N1,0.9947,0.0052,N1,1.0,0.0,N1,0.9983,0.0017,N1,0.9491,0.0191,N1,0.701,0.2965
-15.0,61.1999999999999,R4,NG,N1,K035,7.75,8.93833333333333,0.03453633768496085,1.1883333333333308,34.40820344569427,NG,NG,NG,NG,N1,N1,N1,N1,N1,N1,N1,N1,N1,0.9999,0.0001,N1,1.0,0.0,N1,1.0,0.0,N1,0.9489,0.0218,N1,1.0,0.0
-13.0,59.8999999999999,R4,NG,N1,K036,7.8,8.93833333333333,0.03453633768496085,1.138333333333331,32.96045295008301,NG,NG,NG,NG,N1,N1,N1,N1,N1,N1,N1,N1,N1,0.8417,0.1583,N1,1.0,0.0,N1,0.9343,0.0657,N1,0.7683,0.2015,N1,1.0,0.0
-11.0,58.5999999999999,R4,NG,N1,K037,7.77,8.93833333333333,0.03453633768496085,1.1683333333333312,33.82910324744977,NG,NG,NG,NG,N1,N1,N1,N1,N1,N1,N1,N1,N1,0.9569,0.0431,N1,1.0,0.0,N1,0.982,0.018,N1,0.8972,0.0724,N1,1.0,0.0
-9.0,57.3,R4,NG,N1,K043,7.78,8.93833333333333,0.03453633768496085,1.1583333333333306,33.53955314832751,NG,NG,NG,NG,N1,N1,N1,N1,N1,N1,N1,N1,N1,0.9236,0.0764,N1,1.0,0.0,N1,0.9772,0.0228,N1,0.8441,0.1255,N1,1.0,0.0
-7.0,56.0,R4,NG,N1,K034,7.82,8.93833333333333,0.03453633768496085,1.1183333333333305,32.38135275183849,NG,NG,NG,NG,N1,N1,N1,N1,N1,N1,N1,N1,N1,0.6369,0.3631,N1,1.0,0.0,N1,0.8018,0.1982,N1,0.6418,0.3281,N1,1.0,0.0
-5.0,54.7,R4,NG,N1,K035,7.78,8.93833333333333,0.03453633768496085,1.1583333333333306,33.53955314832751,NG,NG,NG,NG,N1,N1,N1,N1,N1,N1,N1,N1,N1,0.9996,0.0003,N1,1.0,0.0,N1,0.9999,0.0001,N1,0.9225,0.0436,N1,1.0,0.0
-3.0,53.4,R4,NG,N1,K036,7.52,8.93833333333333,0.03453633768496085,1.4183333333333312,41.067855725506085,NG,NG,NG,NG,N1,N1,N1,N1,N1,N1,N1,N1,N1,0.9991,0.0009,N1,1.0,0.0,N1,1.0,0.0,N1,0.9275,0.046,N1,0.875,0.1
-1.0,52.1,R4,NG,N1,K037,7.75,8.93833333333333,0.03453633768496085,1.1883333333333308,34.40820344569427,NG,NG,NG,NG,N1,N1,N1,N1,N1,N1,N1,N1,N1,0.9802,0.0198,N1,1.0,0.0,N1,0.9927,0.0073,N1,0.9202,0.0482,N1,0.9983,0.0017
1.0,50.8,R4,NG,N1,K043,7.76,8.93833333333333,0.03453633768496085,1.178333333333331,34.118653346572025,NG,NG,NG,NG,N1,N1,N1,N1,N1,N1,N1,N1,N1,0.9999,0.0,N1,1.0,0.0,N1,1.0,0.0,N1,0.9435,0.0217,N1,1.0,0.0
3.0,49.5,R4,NG,N1,K034,7.78,8.93833333333333,0.03453633768496085,1.1583333333333306,33.53955314832751,NG,NG,NG,NG,N1,N1,N1,N1,N1,N1,N1,N1,N1,0.9996,0.0003,N1,1.0,0.0,N1,0.9999,0.0001,N1,0.9225,0.0436,N1,1.0,0.0
5.0,48.2,R4,NG,N1,K035,7.82,8.93833333333333,0.03453633768496085,1.1183333333333305,32.38135275183849,NG,NG,NG,NG,N1,N1,N1,N1,N1,N1,N1,N1,N1,0.6369,0.3631,N1,1.0,0.0,N1,0.8018,0.1982,N1,0.6418,0.3281,N1,1.0,0.0
7.0,46.9,R4,NG,N1,K036,7.8,8.93833333333333,0.03453633768496085,1.138333333333331,32.96045295008301,NG,NG,NG,NG,N1,N1,N1,N1,N1,N1,N1,N1,N1,0.809,0.1909,N1,1.0,0.0,N1,0.9327,0.0673,N1,0.7596,0.2103,N1,1.0,0.0
9.0,45.6,R4,NG,N1,K037,7.75,8.93833333333333,0.03453633768496085,1.1883333333333308,34.40820344569427,NG,NG,NG,NG,N1,N1,N1,N1,N1,N1,N1,N1,N1,0.9802,0.0198,N1,1.0,0.0,N1,0.9927,0.0073,N1,0.9202,0.0482,N1,0.9983,0.0017
11.0,44.3,R4,NG,N1,K043,7.72,8.93833333333333,0.03453633768496085,1.218333333333331,35.27685374306103,NG,NG,NG,NG,N1,N1,N1,N1,N1,N1,N1,N1,N1,0.9929,0.0071,N1,1.0,0.0,N1,0.9994,0.0006,N1,0.9421,0.0256,N1,0.6849,0.3151
13.0,43.0,R4,NG,N1,K034,7.78,8.93833333333333,0.03453633768496085,1.1583333333333306,33.53955314832751,NG,NG,NG,NG,N1,N1,N1,N1,N1,N1,N1,N1,N1,0.9109,0.0891,N1,1.0,0.0,N1,0.9787,0.0213,N1,0.8426,0.127,N1,1.0,0.0
15.0,41.7,R4,NG,N1,K035,7.75,8.93833333333333,0.03453633768496085,1.1883333333333308,34.40820344569427,NG,NG,NG,NG,N1,N1,N1,N1,N1,N1,N1,N1,N1,0.9762,0.0238,N1,1.0,0.0,N1,0.9954,0.0046,N1,0.9099,0.0587,N1,1.0,0.0
17.0,40.4,R4,NG,N1,K036,7.77,8.93833333333333,0.03453633768496085,1.1683333333333312,33.82910324744977,NG,NG,NG,NG,N1,N1,N1,N1,N1,N1,N1,N1,N1,0.9569,0.0431,N1,1.0,0.0,N1,0.982,0.018,N1,0.8972,0.0724,N1,1.0,0.0
19.0,39.1,R4,NG,N1,K037,7.69,8.93833333333333,0.03453633768496085,1.2483333333333304,36.145504040427774,NG,NG,NG,NG,N1,N1,N1,N1,N1,N1,N1,N1,N1,0.9985,0.0015,N1,1.0,0.0,N1,0.9996,0.0004,N1,0.9564,0.0208,N1,0.7809,0.1999
21.0,37.8,R4,NG,N1,K043,7.77,8.93833333333333,0.03453633768496085,1.1683333333333312,33.82910324744977,NG,NG,NG,NG,N1,N1,N1,N1,N1,N1,N1,N1,N1,0.9405,0.0595,N1,1.0,0.0,N1,0.9881,0.0119,N1,0.8721,0.0973,N1,1.0,0.0
23.0,36.5,R4,NG,N1,K034,7.77,8.93833333333333,0.03453633768496085,1.1683333333333312,33.82910324744977,NG,NG,NG,NG,N1,N1,N1,N1,N1,N1,N1,N1,N1,0.9998,0.0001,N1,1.0,0.0,N1,1.0,0.0,N1,0.9349,0.031,N1,1.0,0.0
25.0,35.2,R4,NG,N1,K035,7.78,8.93833333333333,0.03453633768496085,1.1583333333333306,33.53955314832751,NG,NG,NG,NG,N1,N1,N1,N1,N1,N1,N1,N1,N1,0.9323,0.0677,N1,1.0,0.0,N1,0.9699,0.0301,N1,0.8621,0.1073,N1,1.0,0.0
27.0,33.9,R4,NG,N1,K036,7.76,8.93833333333333,0.03453633768496085,1.178333333333331,34.118653346572025,NG,NG,NG,NG,N1,N1,N1,N1,N1,N1,N1,N1,N1,0.9715,0.0285,N1,1.0,0.0,N1,0.9888,0.0112,N1,0.9147,0.0546,N1,0.9971,0.0029
29.0,32.6,R4,NG,N1,K037,7.77,8.93833333333333,0.03453633768496085,1.1683333333333312,33.82910324744977,NG,NG,NG,NG,N1,N1,N1,N1,N1,N1,N1,N1,N1,0.9547,0.0453,N1,1.0,0.0,N1,0.9812,0.0188,N1,0.8868,0.0824,N1,1.0,0.0
31.0,31.3,R4,NG,N1,K043,7.71,8.93833333333333,0.03453633768496085,1.2283333333333308,35.56640384218328,NG,NG,NG,NG,N1,N1,N1,N1,N1,N1,N1,N1,N1,0.9963,0.0037,N1,1.0,0.0,N1,0.9989,0.0011,N1,0.9492,0.02,N1,0.7297,0.2703
34.0,13.0,R4,NG,N1,K034,7.78,8.93833333333333,0.03453633768496085,1.1583333333333306,33.53955314832751,NG,NG,NG,NG,N1,N1,N1,N1,N1,N1,N1,N1,N1,0.9354,0.0646,N1,1.0,0.0,N1,0.9711,0.0289,N1,0.8741,0.0958,N1,1.0,0.0
35.0,40.0,R4,NG,N1,K035,7.79,8.93833333333333,0.03453633768496085,1.1483333333333308,33.250003049205255,NG,NG,NG,NG,N1,N1,N1,N1,N1,N1,N1,N1,N1,0.8996,0.1004,N1,1.0,0.0,N1,0.9516,0.0484,N1,0.8308,0.1388,N1,1.0,0.0
36.0,33.0,R4,NG,N1,K036,7.78,8.93833333333333,0.03453633768496085,1.1583333333333306,33.53955314832751,NG,NG,NG,NG,N1,N1,N1,N1,N1,N1,N1,N1,N1,0.9236,0.0764,N1,1.0,0.0,N1,0.9772,0.0228,N1,0.8441,0.1255,N1,1.0,0.0
37.0,49.0,R4,NG,N1,K037,7.78,8.93833333333333,0.03453633768496085,1.1583333333333306,33.53955314832751,NG,NG,NG,NG,N1,N1,N1,N1,N1,N1,N1,N1,N1,0.9236,0.0764,N1,1.0,0.0,N1,0.9772,0.0228,N1,0.8441,0.1255,N1,1.0,0.0
43.0,2.0,R4,NG,N1,K043,7.79,8.93833333333333,0.03453633768496085,1.1483333333333308,33.250003049205255,NG,NG,NG,NG,N1,N1,N1,N1,N1,N1,N1,N1,N1,0.8892,0.1108,N1,1.0,0.0,N1,0.9612,0.0388,N1,0.8099,0.1598,N1,1.0,0.0
-10.1,61.9,R4,NG,S2,K038,4.94,8.93833333333333,0.03453633768496085,3.9983333333333304,115.77178129904722,NG,NG,NG,NG,S2,S2,S2,S2,S2,S2,S2,S2,S2,0.9999,0.0001,S2,1.0,0.0,S2,1.0,0.0,S2,0.9192,0.0476,S2,1.0,0.0
-8.2,60.8,R4,NG,S2,K039,4.91,8.93833333333333,0.03453633768496085,4.028333333333331,116.64043159641398,NG,NG,NG,NG,S2,S2,S2,S2,S2,S2,S2,S2,S2,1.0,0.0,S2,1.0,0.0,S2,1.0,0.0,S2,0.9246,0.0427,S2,1.0,0.0
-6.3,59.7,R4,NG,S2,K040,4.81,8.93833333333333,0.03453633768496085,4.128333333333331,119.53593258763652,NG,NG,NG,NG,S2,S2,S2,S2,S2,S2,S2,S2,S2,1.0,0.0,S2,1.0,0.0,S2,1.0,0.0,S2,0.9378,0.0306,S2,1.0,0.0
-4.4,58.6,R4,NG,S2,K044,4.92,8.93833333333333,0.03453633768496085,4.018333333333331,116.35088149729174,NG,NG,NG,NG,S2,S2,S2,S2,S2,S2,S2,S2,S2,1.0,0.0,S2,1.0,0.0,S2,1.0,0.0,S2,0.9229,0.0443,S2,1.0,0.0
-2.5,57.5,R4,NG,S2,K045,4.87,8.93833333333333,0.03453633768496085,4.068333333333331,117.798631992903,NG,NG,NG,NG,S2,S2,S2,S2,S2,S2,S2,S2,S2,1.0,0.0,S2,1.0,0.0,S2,1.0,0.0,S2,0.9295,0.0382,S2,1.0,0.0
-0.600000000000001,56.4,R4,NG,S2,K038,4.94,8.93833333333333,0.03453633768496085,3.9983333333333304,115.77178129904722,NG,NG,NG,NG,S2,S2,S2,S2,S2,S2,S2,S2,S2,0.9999,0.0001,S2,1.0,0.0,S2,1.0,0.0,S2,0.915,0.0513,S2,1.0,0.0
1.3,55.3,R4,NG,S2,K039,4.89,8.93833333333333,0.03453633768496085,4.048333333333331,117.2195317946585,NG,NG,NG,NG,S2,S2,S2,S2,S2,S2,S2,S2,S2,1.0,0.0,S2,1.0,0.0,S2,1.0,0.0,S2,0.9277,0.0398,S2,1.0,0.0
3.2,54.2,R4,NG,S2,K040,4.86,8.93833333333333,0.03453633768496085,4.0783333333333305,118.08818209202524,NG,NG,NG,NG,S2,S2,S2,S2,S2,S2,S2,S2,S2,1.0,0.0,S2,1.0,0.0,S2,1.0,0.0,S2,0.9309,0.0369,S2,1.0,0.0
5.1,53.1,R4,NG,S2,K044,4.97,8.93833333333333,0.03453633768496085,3.968333333333331,114.90313100168048,NG,NG,NG,NG,S2,S2,S2,S2,S2,S2,S2,S2,S2,0.9998,0.0002,S2,1.0,0.0,S2,1.0,0.0,S2,0.9082,0.0575,S2,1.0,0.0
7.0,52.0,R4,NG,S2,K045,4.88,8.93833333333333,0.03453633768496085,4.058333333333331,117.50908189378075,NG,NG,NG,NG,S2,S2,S2,S2,S2,S2,S2,S2,S2,1.0,0.0,S2,1.0,0.0,S2,1.0,0.0,S2,0.9293,0.0384,S2,1.0,0.0
8.9,50.9,R4,NG,S2,K038,4.83,8.93833333333333,0.03453633768496085,4.108333333333331,118.956832389392,NG,NG,NG,NG,S2,S2,S2,S2,S2,S2,S2,S2,S2,1.0,0.0,S2,1.0,0.0,S2,1.0,0.0,S2,0.9357,0.0324,S2,1.0,0.0
10.8,49.8,R4,NG,S2,K039,4.87,8.93833333333333,0.03453633768496085,4.068333333333331,117.798631992903,NG,NG,NG,NG,S2,S2,S2,S2,S2,S2,S2,S2,S2,1.0,0.0,S2,1.0,0.0,S2,1.0,0.0,S2,0.9306,0.0371,S2,1.0,0.0
12.7,48.7,R4,NG,S2,K040,4.93,8.93833333333333,0.03453633768496085,4.008333333333331,116.06133139816949,NG,NG,NG,NG,S2,S2,S2,S2,S2,S2,S2,S2,S2,0.9999,0.0001,S2,1.0,0.0,S2,1.0,0.0,S2,0.917,0.0494,S2,1.0,0.0
14.6,47.6,R4,NG,S2,K044,4.91,8.93833333333333,0.03453633768496085,4.028333333333331,116.64043159641398,NG,NG,NG,NG,S2,S2,S2,S2,S2,S2,S2,S2,S2,1.0,0.0,S2,1.0,0.0,S2,1.0,0.0,S2,0.9245,0.0428,S2,1.0,0.0
16.5,46.5,R4,NG,S2,K045,4.88,8.93833333333333,0.03453633768496085,4.058333333333331,117.50908189378075,NG,NG,NG,NG,S2,S2,S2,S2,S2,S2,S2,S2,S2,1.0,0.0,S2,1.0,0.0,S2,1.0,0.0,S2,0.9292,0.0384,S2,1.0,0.0
18.4,45.4,R4,NG,S2,K038,4.87,8.93833333333333,0.03453633768496085,4.068333333333331,117.798631992903,NG,NG,NG,NG,S2,S2,S2,S2,S2,S2,S2,S2,S2,1.0,0.0,S2,1.0,0.0,S2,1.0,0.0,S2,0.9307,0.0371,S2,1.0,0.0
20.3,44.3,R4,NG,S2,K039,4.91,8.93833333333333,0.03453633768496085,4.028333333333331,116.64043159641398,NG,NG,NG,NG,S2,S2,S2,S2,S2,S2,S2,S2,S2,1.0,0.0,S2,1.0,0.0,S2,1.0,0.0,S2,0.9244,0.0428,S2,1.0,0.0
22.2,43.2,R4,NG,S2,K040,4.67,8.93833333333333,0.03453633768496085,4.268333333333331,123.58963397534805,NG,NG,NG,NG,S2,S2,S2,S2,S2,S2,S2,S2,S2,1.0,0.0,S2,1.0,0.0,S2,1.0,0.0,S2,0.9476,0.0206,S2,0.98,0.0167
24.1,42.1,R4,NG,S2,K044,4.86,8.93833333333333,0.03453633768496085,4.0783333333333305,118.08818209202524,NG,NG,NG,NG,S2,S2,S2,S2,S2,S2,S2,S2,S2,1.0,0.0,S2,1.0,0.0,S2,1.0,0.0,S2,0.932,0.0359,S2,1.0,0.0
26.0,41.0,R4,NG,S2,K045,4.75,8.93833333333333,0.03453633768496085,4.188333333333331,121.27323318237002,NG,NG,NG,NG,S2,S2,S2,S2,S2,S2,S2,S2,S2,1.0,0.0,S2,1.0,0.0,S2,1.0,0.0,S2,0.9431,0.0254,S2,1.0,0.0
27.9,39.9,R4,NG,S2,K038,4.91,8.93833333333333,0.03453633768496085,4.028333333333331,116.64043159641398,NG,NG,NG,NG,S2,S2,S2,S2,S2,S2,S2,S2,S2,0.9999,0.0001,S2,1.0,0.0,S2,1.0,0.0,S2,0.9208,0.0459,S2,1.0,0.0
29.8,38.8,R4,NG,S2,K039,4.82,8.93833333333333,0.03453633768496085,4.1183333333333305,119.24638248851424,NG,NG,NG,NG,S2,S2,S2,S2,S2,S2,S2,S2,S2,1.0,0.0,S2,1.0,0.0,S2,1.0,0.0,S2,0.9368,0.0313,S2,1.0,0.0
31.7,37.7,R4,NG,S2,K040,4.83,8.93833333333333,0.03453633768496085,4.108333333333331,118.956832389392,NG,NG,NG,NG,S2,S2,S2,S2,S2,S2,S2,S2,S2,1.0,0.0,S2,1.0,0.0,S2,1.0,0.0,S2,0.9326,0.0348,S2,1.0,0.0
33.6,36.6,R4,NG,S2,K044,4.78,8.93833333333333,0.03453633768496085,4.1583333333333306,120.40458288500326,NG,NG,NG,NG,S2,S2,S2,S2,S2,S2,S2,S2,S2,1.0,0.0,S2,1.0,0.0,S2,1.0,0.0,S2,0.9407,0.0277,S2,1.0,0.0
35.5,35.5,R4,NG,S2,K045,4.88,8.93833333333333,0.03453633768496085,4.058333333333331,117.50908189378075,NG,NG,NG,NG,S2,S2,S2,S2,S2,S2,S2,S2,S2,1.0,0.0,S2,1.0,0.0,S2,1.0,0.0,S2,0.9258,0.0412,S2,1.0,0.0
38.0,14.0,R4,NG,S2,K038,4.91,8.93833333333333,0.03453633768496085,4.028333333333331,116.64043159641398,NG,NG,NG,NG,S2,S2,S2,S2,S2,S2,S2,S2,S2,1.0,0.0,S2,1.0,0.0,S2,1.0,0.0,S2,0.9231,0.0441,S2,1.0,0.0
39.0,46.0,R4,NG,S2,K039,4.89,8.93833333333333,0.03453633768496085,4.048333333333331,117.2195317946585,NG,NG,NG,NG,S2,S2,S2,S2,S2,S2,S2,S2,S2,1.0,0.0,S2,1.0,0.0,S2,1.0,0.0,S2,0.9265,0.041,S2,1.0,0.0
40.0,53.0,R4,NG,S2,K040,4.89,8.93833333333333,0.03453633768496085,4.048333333333331,117.2195317946585,NG,NG,NG,NG,S2,S2,S2,S2,S2,S2,S2,S2,S2,1.0,0.0,S2,1.0,0.0,S2,1.0,0.0,S2,0.9265,0.041,S2,1.0,0.0
44.0,33.0,R4,NG,S2,K044,4.9,8.93833333333333,0.03453633768496085,4.03833333333333,116.92998169553623,NG,NG,NG,NG,S2,S2,S2,S2,S2,S2,S2,S2,S2,1.0,0.0,S2,1.0,0.0,S2,1.0,0.0,S2,0.9248,0.0425,S2,1.0,0.0
45.0,15.0,R4,NG,S2,K045,4.91,8.93833333333333,0.03453633768496085,4.028333333333331,116.64043159641398,NG,NG,NG,NG,S2,S2,S2,S2,S2,S2,S2,S2,S2,1.0,0.0,S2,1.0,0.0,S2,1.0,0.0,S2,0.9244,0.0428,S2,1.0,0.0
41.0,3.0,R6,OK,NONE,K041,8.65,8.64433333333333,0.04962271448745461,-0.005666666666670039,-0.11419501583498945,OK,OK,OK,OK,NONE,NONE,NONE,NONE,NONE,NONE,NONE,NONE,NONE,1.0,0.0,NONE,1.0,0.0,NONE,1.0,0.0,NONE,1.0,0.0,NONE,1.0,0.0
41.0,3.0,R6,OK,NONE,K041,8.53,8.64433333333333,0.04962271448745461,0.11433333333333096,2.304052378316309,OK,OK,OK,OK,NONE,NONE,NONE,NONE,NONE,NONE,NONE,NONE,NONE,1.0,0.0,NONE,1.0,0.0,NONE,1.0,0.0,NONE,1.0,0.0,NONE,1.0,0.0
41.0,3.0,R6,OK,NONE,K041,8.58,8.64433333333333,0.04962271448745461,0.06433333333333024,1.2964492974199286,OK,OK,OK,OK,NONE,NONE,NONE,NONE,NONE,NONE,NONE,NONE,NONE,1.0,0.0,NONE,1.0,0.0,NONE,1.0,0.0,NONE,1.0,0.0,NONE,1.0,0.0
41.0,3.0,R6,OK,NONE,K041,8.66,8.64433333333333,0.04962271448745461,-0.015666666666669826,-0.31571563201425834,OK,OK,OK,OK,NONE,NONE,NONE,NONE,NONE,NONE,NONE,NONE,NONE,1.0,0.0,NONE,1.0,0.0,NONE,1.0,0.0,NONE,1.0,0.0,NONE,1.0,0.0
41.0,3.0,R6,OK,NONE,K041,8.57,8.64433333333333,0.04962271448745461,0.07433333333333003,1.4979699135991975,OK,OK,OK,OK,NONE,NONE,NONE,NONE,NONE,NONE,NONE,NONE,NONE,1.0,0.0,NONE,1.0,0.0,NONE,1.0,0.0,NONE,1.0,0.0,NONE,1.0,0.0
41.0,3.0,R6,OK,NONE,K041,8.6,8.64433333333333,0.04962271448745461,0.04433333333333067,0.8934080650613909,OK,OK,OK,OK,NONE,NONE,NONE,NONE,NONE,NONE,NONE,NONE,NONE,1.0,0.0,NONE,1.0,0.0,NONE,1.0,0.0,NONE,1.0,0.0,NONE,1.0,0.0
41.0,3.0,R6,OK,NONE,K041,8.65,8.64433333333333,0.04962271448745461,-0.005666666666670039,-0.11419501583498945,OK,OK,OK,OK,NONE,NONE,NONE,NONE,NONE,NONE,NONE,NONE,NONE,1.0,0.0,NONE,1.0,0.0,NONE,1.0,0.0,NONE,1.0,0.0,NONE,1.0,0.0
41.0,3.0,R6,OK,NONE,K041,8.58,8.64433333333333,0.04962271448745461,0.06433333333333024,1.2964492974199286,OK,OK,OK,OK,NONE,NONE,NONE,NONE,NONE,NONE,NONE,NONE,NONE,1.0,0.0,NONE,1.0,0.0,NONE,1.0,0.0,NONE,1.0,0.0,NONE,1.0,0.0
41.0,3.0,R6,OK,NONE,K041,8.58,8.64433333333333,0.04962271448745461,0.06433333333333024,1.2964492974199286,OK,OK,OK,OK,NONE,NONE,NONE,NONE,NONE,NONE,NONE,NONE,NONE,1.0,0.0,NONE,1.0,0.0,NONE,1.0,0.0,NONE,1.0,0.0,NONE,1.0,0.0
41.0,3.0,R6,OK,NONE,K041,8.57,8.64433333333333,0.04962271448745461,0.07433333333333003,1.4979699135991975,OK,OK,OK,OK,NONE,NONE,NONE,NONE,NONE,NONE,NONE,NONE,NONE,1.0,0.0,NONE,1.0,0.0,NONE,1.0,0.0,NONE,1.0,0.0,NONE,1.0,0.0
41.0,3.0,R6,OK,NONE,K041,8.53,8.64433333333333,0.04962271448745461,0.11433333333333096,2.304052378316309,OK,OK,OK,OK,NONE,NONE,NONE,NONE,NONE,NONE,NONE,NONE,NONE,1.0,0.0,NONE,1.0,0.0,NONE,1.0,0.0,NONE,1.0,0.0,NONE,1.0,0.0
41.0,3.0,R6,OK,NONE,K041,8.64,8.64433333333333,0.04962271448745461,0.0043333333333297475,0.08732560034427946,OK,OK,OK,OK,NONE,NONE,NONE,NONE,NONE,NONE,NONE,NONE,NONE,1.0,0.0,NONE,1.0,0.0,NONE,1.0,0.0,NONE,1.0,0.0,NONE,1.0,0.0
41.0,3.0,R6,OK,NONE,K041,8.57,8.64433333333333,0.04962271448745461,0.07433333333333003,1.4979699135991975,OK,OK,OK,OK,NONE,NONE,NONE,NONE,NONE,NONE,NONE,NONE,NONE,1.0,0.0,NONE,1.0,0.0,NONE,1.0,0.0,NONE,1.0,0.0,NONE,1.0,0.0
41.0,3.0,R6,OK,NONE,K041,8.58,8.64433333333333,0.04962271448745461,0.06433333333333024,1.2964492974199286,OK,OK,OK,OK,NONE,NONE,NONE,NONE,NONE,NONE,NONE,NONE,NONE,1.0,0.0,NONE,1.0,0.0,NONE,1.0,0.0,NONE,1.0,0.0,NONE,1.0,0.0
41.0,3.0,R6,OK,NONE,K041,8.63,8.64433333333333,0.04962271448745461,0.014333333333329534,0.28884621652354836,OK,OK,OK,OK,NONE,NONE,NONE,NONE,NONE,NONE,NONE,NONE,NONE,1.0,0.0,NONE,1.0,0.0,NONE,1.0,0.0,NONE,1.0,0.0,NONE,1.0,0.0
41.0,3.0,R6,OK,NONE,K041,8.6,8.64433333333333,0.04962271448745461,0.04433333333333067,0.8934080650613909,OK,OK,OK,OK,NONE,NONE,NONE,NONE,NONE,NONE,NONE,NONE,NONE,1.0,0.0,NONE,1.0,0.0,NONE,1.0,0.0,NONE,1.0,0.0,NONE,1.0,0.0
41.0,3.0,R6,OK,NONE,K041,8.62,8.64433333333333,0.04962271448745461,0.024333333333331097,0.4903668327028531,OK,OK,OK,OK,NONE,NONE,NONE,NONE,NONE,NONE,NONE,NONE,NONE,1.0,0.0,NONE,1.0,0.0,NONE,1.0,0.0,NONE,1.0,0.0,NONE,1.0,0.0
41.0,3.0,R6,OK,NONE,K041,8.41,8.64433333333333,0.04962271448745461,0.23433333333333017,4.722299772467571,NG,NG,OK,NG,W1,W1,NONE,N1,NONE,W1,N1,N1,NONE,1.0,0.0,NONE,1.0,0.0,NONE,1.0,0.0,NONE,1.0,0.0,NONE,1.0,0.0
41.0,3.0,R6,OK,NONE,K041,8.61,8.64433333333333,0.04962271448745461,0.034333333333330884,0.691887448882122,OK,OK,OK,OK,NONE,NONE,NONE,NONE,NONE,NONE,NONE,NONE,NONE,1.0,0.0,NONE,1.0,0.0,NONE,1.0,0.0,NONE,1.0,0.0,NONE,1.0,0.0
41.0,3.0,R6,OK,NONE,K041,8.61,8.64433333333333,0.04962271448745461,0.034333333333330884,0.691887448882122,OK,OK,OK,OK,NONE,NONE,NONE,NONE,NONE,NONE,NONE,NONE,NONE,1.0,0.0,NONE,1.0,0.0,NONE,1.0,0.0,NONE,1.0,0.0,NONE,1.0,0.0
41.0,3.0,R6,OK,NONE,K041,8.54,8.64433333333333,0.04962271448745461,0.10433333333333117,2.10253176213704,OK,OK,OK,OK,NONE,NONE,NONE,NONE,NONE,NONE,NONE,NONE,NONE,1.0,0.0,NONE,1.0,0.0,NONE,1.0,0.0,NONE,1.0,0.0,NONE,1.0,0.0
41.0,3.0,R6,OK,NONE,K041,8.59,8.64433333333333,0.04962271448745461,0.05433333333333046,1.0949286812406598,OK,OK,OK,OK,NONE,NONE,NONE,NONE,NONE,NONE,NONE,NONE,NONE,1.0,0.0,NONE,1.0,0.0,NONE,1.0,0.0,NONE,1.0,0.0,NONE,1.0,0.0
41.0,3.0,R6,OK,NONE,K041,8.64,8.64433333333333,0.04962271448745461,0.0043333333333297475,0.08732560034427946,OK,OK,OK,OK,NONE,NONE,NONE,NONE,NONE,NONE,NONE,NONE,NONE,1.0,0.0,NONE,1.0,0.0,NONE,1.0,0.0,NONE,1.0,0.0,NONE,1.0,0.0
41.0,3.0,R6,OK,NONE,K041,8.64,8.64433333333333,0.04962271448745461,0.0043333333333297475,0.08732560034427946,OK,OK,OK,OK,NONE,NONE,NONE,NONE,NONE,NONE,NONE,NONE,NONE,1.0,0.0,NONE,1.0,0.0,NONE,1.0,0.0,NONE,1.0,0.0,NONE,1.0,0.0
41.0,3.0,R6,OK,NONE,K041,8.68,8.64433333333333,0.04962271448745461,-0.0356666666666694,-0.7187568643727962,OK,OK,OK,OK,NONE,NONE,NONE,NONE,NONE,NONE,NONE,NONE,NONE,1.0,0.0,NONE,1.0,0.0,NONE,1.0,0.0,NONE,1.0,0.0,NONE,1.0,0.0
41.0,3.0,R6,OK,NONE,K041,8.66,8.64433333333333,0.04962271448745461,-0.015666666666669826,-0.31571563201425834,OK,OK,OK,OK,NONE,NONE,NONE,NONE,NONE,NONE,NONE,NONE,NONE,1.0,0.0,NONE,1.0,0.0,NONE,1.0,0.0,NONE,1.0,0.0,NONE,1.0,0.0
41.0,3.0,R6,OK,NONE,K041,8.58,8.64433333333333,0.04962271448745461,0.06433333333333024,1.2964492974199286,OK,OK,OK,OK,NONE,NONE,NONE,NONE,NONE,NONE,NONE,NONE,NONE,1.0,0.0,NONE,1.0,0.0,NONE,1.0,0.0,NONE,1.0,0.0,NONE,1.0,0.0
43.0,38.0,R6,OK,NONE,K043,8.63,8.64433333333333,0.04962271448745461,0.014333333333329534,0.28884621652354836,OK,OK,OK,OK,NONE,NONE,NONE,NONE,NONE,NONE,NONE,NONE,NONE,1.0,0.0,NONE,1.0,0.0,NONE,1.0,0.0,NONE,1.0,0.0,NONE,1.0,0.0
,,R6,OK,NONE,,8.62,8.64433333333333,0.04962271448745461,0.024333333333331097,0.4903668327028531,OK,OK,OK,OK,NONE,NONE,NONE,NONE,NONE,NONE,NONE,NONE,NONE,1.0,0.0,NONE,1.0,0.0,NONE,1.0,0.0,NONE,1.0,0.0,NONE,1.0,0.0
,,R6,OK,NONE,,8.58,8.64433333333333,0.04962271448745461,0.06433333333333024,1.2964492974199286,OK,OK,OK,OK,NONE,NONE,NONE,NONE,NONE,NONE,NONE,NONE,NONE,1.0,0.0,NONE,1.0,0.0,NONE,1.0,0.0,NONE,1.0,0.0,NONE,1.0,0.0
44.0,6.0,R6,NG,S1,K044,5.89,8.64433333333333,0.04962271448745461,2.7543333333333306,55.50549504964443,NG,NG,NG,NG,S1,S1,S1,S1,S1,S1,S1,S1,S1,0.9999,0.0001,S1,1.0,0.0,S1,1.0,0.0,S1,0.9243,0.0429,S1,1.0,0.0
44.0,6.0,R6,NG,S1,K044,5.89,8.64433333333333,0.04962271448745461,2.7543333333333306,55.50549504964443,NG,NG,NG,NG,S1,S1,S1,S1,S1,S1,S1,S1,S1,0.9999,0.0001,S1,1.0,0.0,S1,1.0,0.0,S1,0.9245,0.0424,S1,1.0,0.0
44.0,6.0,R6,NG,S1,K044,5.9,8.64433333333333,0.04962271448745461,2.74433333333333,55.30397443346514,NG,NG,NG,NG,S1,S1,S1,S1,S1,S1,S1,S1,S1,0.9999,0.0001,S1,1.0,0.0,S1,1.0,0.0,S1,0.922,0.0443,S1,1.0,0.0
44.0,6.0,R6,NG,S1,K044,5.88,8.64433333333333,0.04962271448745461,2.7643333333333304,55.7070156658237,NG,NG,NG,NG,S1,S1,S1,S1,S1,S1,S1,S1,S1,0.9999,0.0001,S1,1.0,0.0,S1,1.0,0.0,S1,0.9267,0.041,S1,1.0,0.0
44.0,6.0,R6,NG,S1,K044,5.91,8.64433333333333,0.04962271448745461,2.73433333333333,55.10245381728587,NG,NG,NG,NG,S1,S1,S1,S1,S1,S1,S1,S1,S1,0.9999,0.0001,S1,1.0,0.0,S1,1.0,0.0,S1,0.9194,0.046,S1,1.0,0.0
44.0,6.0,R6,NG,S1,K044,5.86,8.64433333333333,0.04962271448745461,2.78433333333333,56.110056898182236,NG,NG,NG,NG,S1,S1,S1,S1,S1,S1,S1,S1,S1,0.9999,0.0001,S1,1.0,0.0,S1,1.0,0.0,S1,0.9316,0.0379,S1,1.0,0.0
44.0,6.0,R6,NG,S1,K044,5.9,8.64433333333333,0.04962271448745461,2.74433333333333,55.30397443346514,NG,NG,NG,NG,S1,S1,S1,S1,S1,S1,S1,S1,S1,0.9999,0.0001,S1,1.0,0.0,S1,1.0,0.0,S1,0.9217,0.0445,S1,1.0,0.0
44.0,6.0,R6,NG,S1,K044,5.8,8.64433333333333,0.04962271448745461,2.8443333333333305,57.31918059525788,NG,NG,NG,NG,S1,S1,S1,S1,S1,S1,S1,S1,S1,1.0,0.0,S1,1.0,0.0,S1,1.0,0.0,S1,0.9427,0.0308,S1,1.0,0.0
44.0,6.0,R6,NG,S1,K044,5.94,8.64433333333333,0.04962271448745461,2.70433333333333,54.49789196874805,NG,NG,NG,NG,S1,S1,S1,S1,S1,S1,S1,S1,S1,0.9997,0.0003,S1,1.0,0.0,S1,1.0,0.0,S1,0.9118,0.0504,S1,0.9967,0.0033
44.0,6.0,R6,NG,S1,K044,5.94,8.64433333333333,0.04962271448745461,2.70433333333333,54.49789196874805,NG,NG,NG,NG,S1,S1,S1,S1,S1,S1,S1,S1,S1,0.9998,0.0002,S1,1.0,0.0,S1,1.0,0.0,S1,0.91,0.0522,S1,1.0,0.0
44.0,6.0,R6,NG,S1,K044,5.87,8.64433333333333,0.04962271448745461,2.77433333333333,55.90853628200296,NG,NG,NG,NG,S1,S1,S1,S1,S1,S1,S1,S1,S1,0.9999,0.0001,S1,1.0,0.0,S1,1.0,0.0,S1,0.9289,0.0396,S1,1.0,0.0
44.0,6.0,R6,NG,S1,K044,5.88,8.64433333333333,0.04962271448745461,2.7643333333333304,55.7070156658237,NG,NG,NG,NG,S1,S1,S1,S1,S1,S1,S1,S1,S1,0.9999,0.0001,S1,1.0,0.0,S1,1.0,0.0,S1,0.9267,0.041,S1,1.0,0.0
44.0,6.0,R6,NG,S1,K044,5.87,8.64433333333333,0.04962271448745461,2.77433333333333,55.90853628200296,NG,NG,NG,NG,S1,S1,S1,S1,S1,S1,S1,S1,S1,0.9999,0.0001,S1,1.0,0.0,S1,1.0,0.0,S1,0.9289,0.0396,S1,1.0,0.0
44.0,6.0,R6,NG,S1,K044,5.87,8.64433333333333,0.04962271448745461,2.77433333333333,55.90853628200296,NG,NG,NG,NG,S1,S1,S1,S1,S1,S1,S1,S1,S1,0.9999,0.0001,S1,1.0,0.0,S1,1.0,0.0,S1,0.9288,0.0397,S1,1.0,0.0
44.0,6.0,R6,NG,S1,K044,5.82,8.64433333333333,0.04962271448745461,2.82433333333333,56.91613936289933,NG,NG,NG,NG,S1,S1,S1,S1,S1,S1,S1,S1,S1,1.0,0.0,S1,1.0,0.0,S1,1.0,0.0,S1,0.9396,0.0328,S1,1.0,0.0
44.0,6.0,R6,NG,S1,K044,5.92,8.64433333333333,0.04962271448745461,2.7243333333333304,54.900933201106604,NG,NG,NG,NG,S1,S1,S1,S1,S1,S1,S1,S1,S1,0.9999,0.0001,S1,1.0,0.0,S1,1.0,0.0,S1,0.9165,0.0479,S1,1.0,0.0
44.0,6.0,R6,NG,S1,K044,5.84,8.64433333333333,0.04962271448745461,2.8043333333333305,56.51309813054079,NG,NG,NG,NG,S1,S1,S1,S1,S1,S1,S1,S1,S1,1.0,0.0,S1,1.0,0.0,S1,1.0,0.0,S1,0.9354,0.0355,S1,1.0,0.0
44.0,6.0,R6,NG,S1,K044,5.92,8.64433333333333,0.04962271448745461,2.7243333333333304,54.900933201106604,NG,NG,NG,NG,S1,S1,S1,S1,S1,S1,S1,S1,S1,0.9998,0.0002,S1,1.0,0.0,S1,1.0,0.0,S1,0.916,0.0481,S1,1.0,0.0
44.0,6.0,R6,NG,S1,K044,5.87,8.64433333333333,0.04962271448745461,2.77433333333333,55.90853628200296,NG,NG,NG,NG,S1,S1,S1,S1,S1,S1,S1,S1,S1,0.9999,0.0001,S1,1.0,0.0,S1,1.0,0.0,S1,0.9291,0.0397,S1,1.0,0.0
44.0,6.0,R6,NG,S1,K044,5.82,8.64433333333333,0.04962271448745461,2.82433333333333,56.91613936289933,NG,NG,NG,NG,S1,S1,S1,S1,S1,S1,S1,S1,S1,1.0,0.0,S1,1.0,0.0,S1,1.0,0.0,S1,0.9392,0.033,S1,1.0,0.0
44.0,6.0,R6,NG,S1,K044,5.77,8.64433333333333,0.04962271448745461,2.8743333333333307,57.92374244379571,NG,NG,NG,NG,S1,S1,S1,S1,S1,S1,S1,S1,S1,1.0,0.0,S1,1.0,0.0,S1,1.0,0.0,S1,0.9476,0.0277,S1,0.99,0.01
44.0,6.0,R6,NG,S1,K044,5.83,8.64433333333333,0.04962271448745461,2.8143333333333302,56.714618746720056,NG,NG,NG,NG,S1,S1,S1,S1,S1,S1,S1,S1,S1,1.0,0.0,S1,1.0,0.0,S1,1.0,0.0,S1,0.9374,0.0343,S1,1.0,0.0
44.0,6.0,R6,NG,S1,K044,5.85,8.64433333333333,0.04962271448745461,2.7943333333333307,56.311577514361524,NG,NG,NG,NG,S1,S1,S1,S1,S1,S1,S1,S1,S1,0.9999,0.0001,S1,1.0,0.0,S1,1.0,0.0,S1,0.9337,0.0366,S1,1.0,0.0
44.0,6.0,R6,NG,S1,K044,5.86,8.64433333333333,0.04962271448745461,2.78433333333333,56.110056898182236,NG,NG,NG,NG,S1,S1,S1,S1,S1,S1,S1,S1,S1,0.9999,0.0001,S1,1.0,0.0,S1,1.0,0.0,S1,0.9313,0.0382,S1,1.0,0.0
44.0,6.0,R6,NG,S1,K044,5.87,8.64433333333333,0.04962271448745461,2.77433333333333,55.90853628200296,NG,NG,NG,NG,S1,S1,S1,S1,S1,S1,S1,S1,S1,0.9999,0.0001,S1,1.0,0.0,S1,1.0,0.0,S1,0.9293,0.0395,S1,1.0,0.0
44.0,6.0,R6,NG,S1,K044,5.81,8.64433333333333,0.04962271448745461,2.8343333333333307,57.11765997907862,NG,NG,NG,NG,S1,S1,S1,S1,S1,S1,S1,S1,S1,1.0,0.0,S1,1.0,0.0,S1,1.0,0.0,S1,0.9413,0.0316,S1,1.0,0.0
44.0,6.0,R6,NG,S1,K044,5.83,8.64433333333333,0.04962271448745461,2.8143333333333302,56.714618746720056,NG,NG,NG,NG,S1,S1,S1,S1,S1,S1,S1,S1,S1,1.0,0.0,S1,1.0,0.0,S1,1.0,0.0,S1,0.9377,0.034,S1,1.0,0.0
44.0,6.0,R6,NG,S1,K044,5.87,8.64433333333333,0.04962271448745461,2.77433333333333,55.90853628200296,NG,NG,NG,NG,S1,S1,S1,S1,S1,S1,S1,S1,S1,0.9999,0.0001,S1,1.0,0.0,S1,1.0,0.0,S1,0.9288,0.0397,S1,1.0,0.0
44.0,6.0,R6,NG,S1,K044,5.8,8.64433333333333,0.04962271448745461,2.8443333333333305,57.31918059525788,NG,NG,NG,NG,S1,S1,S1,S1,S1,S1,S1,S1,S1,1.0,0.0,S1,1.0,0.0,S1,1.0,0.0,S1,0.943,0.0306,S1,1.0,0.0
44.0,6.0,R6,NG,S1,K044,5.86,8.64433333333333,0.04962271448745461,2.78433333333333,56.110056898182236,NG,NG,NG,NG,S1,S1,S1,S1,S1,S1,S1,S1,S1,0.9999,0.0001,S1,1.0,0.0,S1,1.0,0.0,S1,0.9316,0.0379,S1,1.0,0.0
46.0,44.0,R6,NG,W1,K046,7.6,8.64433333333333,0.04962271448745461,1.0443333333333307,21.04546968298871,NG,NG,NG,NG,W1,W1,W1,W1,W1,W1,W1,W1,W1,0.8901,0.1099,W1,0.9978,0.0022,W1,0.987,0.013,W1,0.8233,0.1595,W1,1.0,0.0
46.0,44.0,R6,NG,W1,K046,7.68,8.64433333333333,0.04962271448745461,0.9643333333333306,19.433304753554523,NG,NG,NG,NG,W1,W1,W1,W1,W1,W1,W1,W1,W1,0.9787,0.0213,W1,1.0,0.0,W1,1.0,0.0,W1,0.9418,0.0459,W1,0.99,0.0054
46.0,44.0,R6,NG,W1,K046,7.4,8.64433333333333,0.04962271448745461,1.24433333333333,25.07588200657416,NG,NG,NG,NG,N1,N1,N1,N1,N1,N1,N1,N1,N1,0.9091,0.0706,N1,0.9963,0.0022,N1,0.8834,0.0721,N1,0.7518,0.1361,N1,0.5939,0.4048
46.0,44.0,R6,NG,W1,K046,7.59,8.64433333333333,0.04962271448745461,1.0543333333333305,21.24699029916798,NG,NG,NG,NG,W1,W1,W1,N1,N1,W1,N1,N1,W1,0.9248,0.0752,W1,0.9973,0.0027,W1,0.9825,0.0175,W1,0.8092,0.1724,W1,1.0,0.0
46.0,44.0,R6,NG,W1,K046,7.53,8.64433333333333,0.04962271448745461,1.11433333333333,22.456113996243612,NG,NG,NG,NG,N1,N1,N1,N1,N1,N1,N1,N1,W1,0.6306,0.3694,N1,0.9473,0.0527,W1,0.8351,0.1649,N1,0.5793,0.3853,W1,0.8558,0.1442
46.0,44.0,R6,NG,W1,K046,7.53,8.64433333333333,0.04962271448745461,1.11433333333333,22.456113996243612,NG,NG,NG,NG,N1,N1,N1,N1,N1,N1,N1,N1,W1,0.6252,0.3748,N1,0.8998,0.1002,W1,0.734,0.2659,N1,0.5487,0.418,W1,0.8725,0.1275
46.0,44.0,R6,NG,W1,K046,7.63,8.64433333333333,0.04962271448745461,1.0143333333333304,20.440907834450886,NG,NG,NG,NG,W1,W1,W1,W1,W1,W1,W1,W1,W1,0.959,0.041,W1,1.0,0.0,W1,0.9979,0.0021,W1,0.8992,0.0839,W1,1.0,0.0
46.0,44.0,R6,NG,W1,K046,7.62,8.64433333333333,0.04962271448745461,1.0243333333333302,20.642428450630156,NG,NG,NG,NG,W1,W1,W1,W1,W1,W1,W1,W1,W1,0.9367,0.0633,W1,1.0,0.0,W1,0.999,0.001,W1,0.8656,0.1155,W1,1.0,0.0
46.0,44.0,R6,NG,W1,K046,7.59,8.64433333333333,0.04962271448745461,1.0543333333333305,21.24699029916798,NG,NG,NG,NG,W1,W1,W1,N1,N1,W1,N1,N1,W1,0.8881,0.1119,W1,0.9962,0.0038,W1,0.999,0.001,W1,0.8273,0.149,W1,0.9967,0.0033
46.0,44.0,R6,NG,W1,K046,7.64,8.64433333333333,0.04962271448745461,1.0043333333333306,20.239387218271617,NG,NG,NG,NG,W1,W1,W1,W1,W1,W1,W1,W1,W1,0.9808,0.0192,W1,1.0,0.0,W1,0.9992,0.0008,W1,0.9165,0.0697,W1,1.0,0.0
46.0,44.0,R6,NG,W1,K046,7.65,8.64433333333333,0.04962271448745461,0.99433333333333,20.03786660209233,NG,NG,NG,NG,W1,W1,W1,W1,W1,W1,W1,W1,W1,0.9855,0.0145,W1,1.0,0.0,W1,0.9996,0.0004,W1,0.9289,0.0576,W1,1.0,0.0
46.0,44.0,R6,NG,W1,K046,7.6,8.64433333333333,0.04962271448745461,1.0443333333333307,21.04546968298871,NG,NG,NG,NG,W1,W1,W1,W1,W1,W1,W1,W1,W1,0.9162,0.0838,W1,0.9995,0.0005,W1,0.9871,0.0129,W1,0.8363,0.1436,W1,1.0,0.0
46.0,44.0,R6,NG,W1,K046,7.6,8.64433333333333,0.04962271448745461,1.0443333333333307,21.04546968298871,NG,NG,NG,NG,W1,W1,W1,W1,W1,W1,W1,W1,W1,0.9112,0.0888,W1,0.9991,0.0009,W1,0.9996,0.0004,W1,0.854,0.1239,W1,1.0,0.0
46.0,44.0,R6,NG,W1,K046,7.59,8.64433333333333,0.04962271448745461,1.0543333333333305,21.24699029916798,NG,NG,NG,NG,W1,W1,W1,N1,N1,W1,N1,N1,W1,0.867,0.133,W1,0.9937,0.0063,W1,0.9769,0.0231,W1,0.7976,0.1842,W1,1.0,0.0
46.0,44.0,R6,NG,W1,K046,7.63,8.64433333333333,0.04962271448745461,1.0143333333333304,20.440907834450886,NG,NG,NG,NG,W1,W1,W1,W1,W1,W1,W1,W1,W1,0.9395,0.0605,W1,0.9999,0.0001,W1,0.9981,0.0019,W1,0.8838,0.1012,W1,1.0,0.0
46.0,44.0,R6,NG,W1,K046,7.6,8.64433333333333,0.04962271448745461,1.0443333333333307,21.04546968298871,NG,NG,NG,NG,W1,W1,W1,W1,W1,W1,W1,W1,W1,0.9112,0.0888,W1,0.9991,0.0009,W1,0.9996,0.0004,W1,0.854,0.1239,W1,1.0,0.0
46.0,44.0,R6,NG,W1,K046,7.56,8.64433333333333,0.04962271448745461,1.0843333333333307,21.851552147705803,NG,NG,NG,NG,N1,N1,N1,N1,N1,N1,N1,N1,W1,0.7755,0.2245,W1,0.8786,0.1214,W1,0.9347,0.0653,W1,0.6824,0.29,W1,0.975,0.025
46.0,44.0,R6,NG,W1,K046,7.63,8.64433333333333,0.04962271448745461,1.0143333333333304,20.440907834450886,NG,NG,NG,NG,W1,W1,W1,W1,W1,W1,W1,W1,W1,0.9497,0.0503,W1,1.0,0.0,W1,0.9995,0.0005,W1,0.8847,0.0975,W1,1.0,0.0
46.0,44.0,R6,NG,W1,K046,7.6,8.64433333333333,0.04962271448745461,1.0443333333333307,21.04546968298871,NG,NG,NG,NG,W1,W1,W1,W1,W1,W1,W1,W1,W1,0.9162,0.0838,W1,0.9995,0.0005,W1,0.9871,0.0129,W1,0.8363,0.1436,W1,1.0,0.0
46.0,44.0,R6,NG,W1,K046,7.58,8.64433333333333,0.04962271448745461,1.0643333333333302,21.44851091534725,NG,NG,NG,NG,W1,W1,W1,N1,N1,W1,N1,N1,W1,0.84,0.16,W1,0.9822,0.0178,W1,0.9604,0.0396,W1,0.769,0.2117,W1,1.0,0.0
46.0,44.0,R6,NG,W1,K046,7.61,8.64433333333333,0.04962271448745461,1.03433333333333,20.843949066809422,NG,NG,NG,NG,W1,W1,W1,W1,W1,W1,W1,W1,W1,0.9096,0.0904,W1,0.9992,0.0008,W1,0.9929,0.0071,W1,0.8461,0.1375,W1,1.0,0.0
46.0,44.0,R6,NG,W1,K046,7.67,8.64433333333333,0.04962271448745461,0.9743333333333304,19.634825369733793,NG,NG,NG,NG,W1,W1,W1,W1,W1,W1,W1,W1,W1,0.9847,0.0153,W1,1.0,0.0,W1,0.9999,0.0001,W1,0.9461,0.04,W1,0.995,0.004
46.0,44.0,R6,NG,W1,K046,7.42,8.64433333333333,0.04962271448745461,1.2243333333333304,24.672840774215622,NG,NG,NG,NG,N1,N1,N1,N1,N1,N1,N1,N1,N1,0.8795,0.1131,N1,0.9992,0.0007,N1,0.8993,0.0863,N1,0.7769,0.129,N1,0.9498,0.0502
46.0,44.0,R6,NG,W1,K046,7.69,8.64433333333333,0.04962271448745461,0.9543333333333299,19.231784137375236,NG,NG,NG,NG,W1,W1,W1,W1,W1,W1,W1,W1,W1,0.9908,0.0092,W1,1.0,0.0,W1,1.0,0.0,W1,0.9596,0.0274,W1,0.995,0.005
46.0,44.0,R6,NG,W1,K046,7.63,8.64433333333333,0.04962271448745461,1.0143333333333304,20.440907834450886,NG,NG,NG,NG,W1,W1,W1,W1,W1,W1,W1,W1,W1,0.9746,0.0254,W1,1.0,0.0,W1,0.9984,0.0016,W1,0.9013,0.0837,W1,1.0,0.0
46.0,44.0,R6,NG,W1,K046,7.38,8.64433333333333,0.04962271448745461,1.2643333333333304,25.478923238932715,NG,NG,NG,NG,N1,N1,N1,N1,N1,N1,N1,N1,N1,0.9551,0.0401,N1,0.9987,0.0009,N1,0.9339,0.0603,N1,0.7001,0.2057,N1,0.6216,0.3756
47.0,7.0,R6,NG,W1,K047,7.54,8.64433333333333,0.04962271448745461,1.1043333333333303,22.254593380064343,NG,NG,NG,NG,N1,N1,N1,N1,N1,N1,N1,N1,W1,0.688,0.312,N1,0.8144,0.1856,W1,0.9134,0.0866,W1,0.63,0.3367,W1,0.9008,0.0992
48.0,9.0,R6,NG,W1,K048,7.65,8.64433333333333,0.04962271448745461,0.99433333333333,20.03786660209233,NG,NG,NG,NG,W1,W1,W1,W1,W1,W1,W1,W1,W1,0.9855,0.0145,W1,1.0,0.0,W1,0.9996,0.0004,W1,0.9289,0.0576,W1,1.0,0.0
49.0,8.0,R6,NG,W1,K054,7.34,8.64433333333333,0.04962271448745461,1.3043333333333305,26.28500570364981,NG,NG,NG,NG,N2,N2,N2,N2,N2,N2,N2,N2,N1,0.7557,0.2356,N1,0.8349,0.1639,N1,0.5843,0.4015,N1,0.5671,0.3419,N2,0.5388,0.3454
50.0,41.0,R6,NG,W1,K055,7.68,8.64433333333333,0.04962271448745461,0.9643333333333306,19.433304753554523,NG,NG,NG,NG,W1,W1,W1,W1,W1,W1,W1,W1,W1,0.9845,0.0155,W1,1.0,0.0,W1,1.0,0.0,W1,0.9452,0.0408,W1,0.995,0.005
51.0,15.0,R6,NG,N2,K049,7.21,8.64433333333333,0.04962271448745461,1.4343333333333304,28.904773713980358,NG,NG,NG,NG,N2,N2,N2,N2,N2,N2,N2,N2,N2,0.9906,0.0094,N2,1.0,0.0,N2,0.9997,0.0002,N2,0.8997,0.0574,N2,1.0,0.0
51.0,15.0,R6,NG,N2,K049,7.27,8.64433333333333,0.04962271448745461,1.3743333333333307,27.69565001690473,NG,NG,NG,NG,N2,N2,N2,N2,N2,N2,N2,N2,N2,0.8735,0.1263,N2,0.9917,0.0083,N2,0.9799,0.0197,N2,0.7592,0.1759,N2,0.9767,0.0233
51.0,15.0,R6,NG,N2,K049,7.3,8.64433333333333,0.04962271448745461,1.3443333333333305,27.091088168366902,NG,NG,NG,NG,N2,N2,N2,N2,N2,N2,N2,N2,N2,0.7203,0.2774,N2,0.9386,0.0612,N2,0.9586,0.0355,N2,0.6897,0.2184,N2,0.9739,0.0251
51.0,15.0,R6,NG,N2,K049,7.31,8.64433333333333,0.04962271448745461,1.3343333333333307,26.889567552187636,NG,NG,NG,NG,N2,N2,N2,N2,N2,N2,N2,N2,N1,0.5577,0.4311,N2,0.8139,0.184,N2,0.8283,0.1458,N2,0.5055,0.3886,N2,0.6614,0.2532
51.0,15.0,R6,NG,N2,K049,7.17,8.64433333333333,0.04962271448745461,1.4743333333333304,29.71085617869745,NG,NG,NG,NG,N2,N2,N2,N2,N2,N2,N2,N2,N2,0.9992,0.0008,N2,1.0,0.0,N2,1.0,0.0,N2,0.9621,0.0151,N2,1.0,0.0
51.0,15.0,R6,NG,N2,K049,7.23,8.64433333333333,0.04962271448745461,1.41433333333333,28.501732481621804,NG,NG,NG,NG,N2,N2,N2,N2,N2,N2,N2,N2,N2,0.9807,0.0192,N2,0.9997,0.0003,N2,0.9991,0.0008,N2,0.9032,0.0537,N2,0.9978,0.0023
51.0,15.0,R6,NG,N2,K049,7.23,8.64433333333333,0.04962271448745461,1.41433333333333,28.501732481621804,NG,NG,NG,NG,N2,N2,N2,N2,N2,N2,N2,N2,N2,0.976,0.024,N2,0.9998,0.0002,N2,0.9987,0.0012,N2,0.8865,0.071,N2,1.0,0.0
51.0,15.0,R6,NG,N2,K049,7.3,8.64433333333333,0.04962271448745461,1.3443333333333305,27.091088168366902,NG,NG,NG,NG,N2,N2,N2,N2,N2,N2,N2,N2,N2,0.646,0.3526,N2,0.8842,0.1156,N2,0.8766,0.1211,N2,0.5993,0.3177,N2,0.675,0.2956
51.0,15.0,R6,NG,N2,K049,7.25,8.64433333333333,0.04962271448745461,1.3943333333333303,28.098691249263265,NG,NG,NG,NG,N2,N2,N2,N2,N2,N2,N2,N2,N2,0.9964,0.0036,N2,1.0,0.0,N2,0.9999,0.0001,N2,0.9026,0.0461,N2,1.0,0.0
51.0,15.0,R6,NG,N2,K049,7.25,8.64433333333333,0.04962271448745461,1.3943333333333303,28.098691249263265,NG,NG,NG,NG,N2,N2,N2,N2,N2,N2,N2,N2,N2,0.9437,0.0563,N2,0.9987,0.0013,N2,0.9948,0.0051,N2,0.8343,0.1131,N2,0.7249,0.2751
51.0,15.0,R6,NG,N2,K049,7.19,8.64433333333333,0.04962271448745461,1.45433333333333,29.307814946338897,NG,NG,NG,NG,N2,N2,N2,N2,N2,N2,N2,N2,N2,0.9958,0.0042,N2,1.0,0.0,N2,0.9999,0.0001,N2,0.9431,0.0273,N2,1.0,0.0
51.0,15.0,R6,NG,N2,K049,7.26,8.64433333333333,0.04962271448745461,1.3843333333333305,27.897170633083995,NG,NG,NG,NG,N2,N2,N2,N2,N2,N2,N2,N2,N2,0.9285,0.0713,N2,0.9966,0.0034,N2,0.9924,0.0071,N2,0.8344,0.1065,N2,0.9759,0.0241
51.0,15.0,R6,NG,N2,K049,7.23,8.64433333333333,0.04962271448745461,1.41433333333333,28.501732481621804,NG,NG,NG,NG,N2,N2,N2,N2,N2,N2,N2,N2,N2,0.9807,0.0192,N2,0.9997,0.0003,N2,0.9991,0.0008,N2,0.9032,0.0537,N2,0.9978,0.0023
51.0,15.0,R6,NG,N2,K049,7.06,8.64433333333333,0.04962271448745461,1.5843333333333307,31.927582956669465,NG,NG,NG,NG,N2,N2,N2,N2,N2,N2,N2,N2,N2,0.9994,0.0006,N2,1.0,0.0,N2,1.0,0.0,N2,0.9615,0.028,N2,1.0,0.0
51.0,15.0,R6,NG,N2,K049,7.2,8.64433333333333,0.04962271448745461,1.4443333333333301,29.106294330159628,NG,NG,NG,NG,N2,N2,N2,N2,N2,N2,N2,N2,N2,0.995,0.005,N2,1.0,0.0,N2,0.9999,0.0001,N2,0.9404,0.0268,N2,1.0,0.0
51.0,15.0,R6,NG,N2,K049,7.21,8.64433333333333,0.04962271448745461,1.4343333333333304,28.904773713980358,NG,NG,NG,NG,N2,N2,N2,N2,N2,N2,N2,N2,N2,0.9921,0.0078,N2,1.0,0.0,N2,0.9998,0.0002,N2,0.9306,0.0337,N2,1.0,0.0
51.0,15.0,R6,NG,N2,K049,7.22,8.64433333333333,0.04962271448745461,1.4243333333333306,28.703253097801092,NG,NG,NG,NG,N2,N2,N2,N2,N2,N2,N2,N2,N2,0.9916,0.0084,N2,1.0,0.0,N2,0.9999,0.0001,N2,0.9274,0.0309,N2,0.9937,0.0063
51.0,15.0,R6,NG,N2,K049,7.15,8.64433333333333,0.04962271448745461,1.49433333333333,30.11389741105599,NG,NG,NG,NG,N2,N2,N2,N2,N2,N2,N2,N2,N2,0.9995,0.0005,N2,1.0,0.0,N2,1.0,0.0,N2,0.9564,0.0161,N2,1.0,0.0
51.0,15.0,R6,NG,N2,K049,7.28,8.64433333333333,0.04962271448745461,1.36433333333333,27.49412940072544,NG,NG,NG,NG,N2,N2,N2,N2,N2,N2,N2,N2,N2,0.7697,0.2278,N2,0.988,0.0118,N2,0.9724,0.0212,N2,0.6736,0.2388,N2,0.8993,0.0796
51.0,15.0,R6,NG,N2,K049,7.23,8.64433333333333,0.04962271448745461,1.41433333333333,28.501732481621804,NG,NG,NG,NG,N2,N2,N2,N2,N2,N2,N2,N2,N2,0.9807,0.0192,N2,0.9997,0.0003,N2,0.9991,0.0008,N2,0.9032,0.0537,N2,0.9978,0.0023
51.0,15.0,R6,NG,N2,K049,7.26,8.64433333333333,0.04962271448745461,1.3843333333333305,27.897170633083995,NG,NG,NG,NG,N2,N2,N2,N2,N2,N2,N2,N2,N2,0.9149,0.085,N2,0.9967,0.0033,N2,0.9896,0.0102,N2,0.7999,0.1416,N2,0.9343,0.0657
51.0,15.0,R6,NG,N2,K049,7.26,8.64433333333333,0.04962271448745461,1.3843333333333305,27.897170633083995,NG,NG,NG,NG,N2,N2,N2,N2,N2,N2,N2,N2,N2,0.9918,0.0082,N2,1.0,0.0,N2,0.9998,0.0002,N2,0.8816,0.0614,N2,1.0,0.0
51.0,15.0,R6,NG,N2,K049,7.27,8.64433333333333,0.04962271448745461,1.3743333333333307,27.69565001690473,NG,NG,NG,NG,N2,N2,N2,N2,N2,N2,N2,N2,N2,0.8456,0.153,N2,0.9955,0.0045,N2,0.9857,0.0104,N2,0.7213,0.1986,N2,0.9699,0.0242
51.0,15.0,R6,NG,N2,K049,7.14,8.64433333333333,0.04962271448745461,1.5043333333333306,30.31541802723528,NG,NG,NG,NG,N2,N2,N2,N2,N2,N2,N2,N2,N2,0.9998,0.0002,N2,1.0,0.0,N2,1.0,0.0,N2,0.9678,0.0199,N2,1.0,0.0
51.0,15.0,R6,NG,N2,K049,6.97,8.64433333333333,0.04962271448745461,1.6743333333333306,33.74126850228292,NG,NG,NG,NG,N2,N2,N2,N2,N2,N2,N2,N2,N2,0.998,0.002,N2,1.0,0.0,N2,0.9986,0.0014,N2,0.9391,0.0432,N2,1.0,0.0
51.0,15.0,R6,NG,N2,K049,7.29,8.64433333333333,0.04962271448745461,1.3543333333333303,27.29260878454617,NG,NG,NG,NG,N2,N2,N2,N2,N2,N2,N2,N2,N2,0.671,0.3247,N2,0.9688,0.0308,N2,0.9474,0.0421,N2,0.6211,0.2843,N2,0.6877,0.2499
52.0,16.0,R6,NG,N2,K050,7.16,8.64433333333333,0.04962271448745461,1.4843333333333302,29.91237679487672,NG,NG,NG,NG,N2,N2,N2,N2,N2,N2,N2,N2,N2,0.9999,0.0001,N2,1.0,0.0,N2,1.0,0.0,N2,0.9663,0.0184,N2,1.0,0.0
53.0,18.0,R6,NG,N2,K051,7.23,8.64433333333333,0.04962271448745461,1.41433333333333,28.501732481621804,NG,NG,NG,NG,N2,N2,N2,N2,N2,N2,N2,N2,N2,0.9865,0.0134,N2,0.9999,0.0001,N2,0.9998,0.0001,N2,0.914,0.0399,N2,0.9856,0.0144
54.0,,R6,NG,N2,,7.25,8.64433333333333,0.04962271448745461,1.3943333333333303,28.098691249263265,NG,NG,NG,NG,N2,N2,N2,N2,N2,N2,N2,N2,N2,0.9657,0.0342,N2,0.9995,0.0005,N2,0.999,0.0005,N2,0.8765,0.0667,N2,0.7225,0.2775
,,R6,NG,N2,,7.2,8.64433333333333,0.04962271448745461,1.4443333333333301,29.106294330159628,NG,NG,NG,NG,N2,N2,N2,N2,N2,N2,N2,N2,N2,0.9967,0.0032,N2,1.0,0.0,N2,1.0,0.0,N2,0.9465,0.0208,N2,0.9983,0.0017
52.0,48.0,R6,NG,N1,K052,7.39,8.64433333333333,0.04962271448745461,1.2543333333333306,25.277402622753446,NG,NG,NG,NG,N1,N1,N1,N1,N1,N1,N1,N1,N1,0.8967,0.0897,N1,0.9914,0.0069,N1,0.8601,0.1026,N1,0.7443,0.1238,W1,0.7615,0.2236
52.0,48.0,R6,NG,N1,K052,7.49,8.64433333333333,0.04962271448745461,1.15433333333333,23.262196460960705,NG,NG,NG,NG,N1,N1,N1,N1,N1,N1,N1,N1,N1,0.573,0.4269,N1,0.9958,0.0042,N1,0.6364,0.3634,N1,0.5539,0.41,N1,0.967,0.033
52.0,48.0,R6,NG,N1,K052,7.43,8.64433333333333,0.04962271448745461,1.2143333333333306,24.471320158036352,NG,NG,NG,NG,N1,N1,N1,N1,N1,N1,N1,N1,N1,0.8161,0.1822,N1,0.9946,0.0053,N1,0.8512,0.1441,N1,0.7374,0.1932,N1,0.5981,0.4002
52.0,48.0,R6,NG,N1,K052,7.39,8.64433333333333,0.04962271448745461,1.2543333333333306,25.277402622753446,NG,NG,NG,NG,N1,N1,N1,N1,N1,N1,N1,N1,N1,0.8967,0.0897,N1,0.9914,0.0069,N1,0.8601,0.1026,N1,0.7443,0.1238,W1,0.7615,0.2236
52.0,48.0,R6,NG,N1,K052,7.49,8.64433333333333,0.04962271448745461,1.15433333333333,23.262196460960705,NG,NG,NG,NG,N1,N1,N1,N1,N1,N1,N1,N1,N1,0.6201,0.3799,N1,0.9998,0.0002,N1,0.6796,0.3204,N1,0.5888,0.3681,N1,0.9842,0.0158
52.0,48.0,R6,NG,N1,K052,7.48,8.64433333333333,0.04962271448745461,1.16433333333333,23.46371707713997,NG,NG,NG,NG,N1,N1,N1,N1,N1,N1,N1,N1,N1,0.6488,0.3508,N1,0.9976,0.0024,N1,0.702,0.2971,N1,0.6583,0.3063,N1,1.0,0.0
52.0,48.0,R6,NG,N1,K052,7.46,8.64433333333333,0.04962271448745461,1.1843333333333304,23.86675830949853,NG,NG,NG,NG,N1,N1,N1,N1,N1,N1,N1,N1,N1,0.7574,0.2417,N1,0.9995,0.0005,N1,0.8274,0.17,N1,0.7093,0.2379,N1,1.0,0.0
52.0,48.0,R6,NG,N1,K052,7.48,8.64433333333333,0.04962271448745461,1.16433333333333,23.46371707713997,NG,NG,NG,NG,N1,N1,N1,N1,N1,N1,N1,N1,N1,0.6759,0.3241,N1,0.9998,0.0002,N1,0.7667,0.2333,N1,0.6359,0.319,N1,0.9942,0.0058
52.0,48.0,R6,NG,N1,K052,7.45,8.64433333333333,0.04962271448745461,1.1943333333333301,24.0682789256778,NG,NG,NG,NG,N1,N1,N1,N1,N1,N1,N1,N1,N1,0.8066,0.1915,N1,0.9978,0.0021,N1,0.8476,0.1493,N1,0.7636,0.1898,N1,1.0,0.0
52.0,48.0,R6,NG,N1,K052,7.43,8.64433333333333,0.04962271448745461,1.2143333333333306,24.471320158036352,NG,NG,NG,NG,N1,N1,N1,N1,N1,N1,N1,N1,N1,0.8161,0.1822,N1,0.9946,0.0053,N1,0.8512,0.1441,N1,0.7374,0.1932,N1,0.5981,0.4002
52.0,48.0,R6,NG,N1,K052,7.48,8.64433333333333,0.04962271448745461,1.16433333333333,23.46371707713997,NG,NG,NG,NG,N1,N1,N1,N1,N1,N1,N1,N1,N1,0.6653,0.3344,N1,0.9996,0.0004,N1,0.7349,0.2639,N1,0.6388,0.316,N1,0.995,0.005
52.0,48.0,R6,NG,N1,K052,7.46,8.64433333333333,0.04962271448745461,1.1843333333333304,23.86675830949853,NG,NG,NG,NG,N1,N1,N1,N1,N1,N1,N1,N1,N1,0.753,0.2459,N1,0.9987,0.0012,N1,0.7965,0.1998,N1,0.7117,0.2334,N1,1.0,0.0
52.0,48.0,R6,NG,N1,K052,7.47,8.64433333333333,0.04962271448745461,1.1743333333333306,23.66523769331926,NG,NG,NG,NG,N1,N1,N1,N1,N1,N1,N1,N1,N1,0.7082,0.2911,N1,0.9977,0.0023,N1,0.7618,0.2369,N1,0.6984,0.2633,N1,1.0,0.0
52.0,48.0,R6,NG,N1,K052,7.3,8.64433333333333,0.04962271448745461,1.3443333333333305,27.091088168366902,NG,NG,NG,NG,N2,N2,N2,N2,N2,N2,N2,N2,N2,0.7203,0.2774,N2,0.9386,0.0612,N2,0.9586,0.0355,N2,0.6897,0.2184,N2,0.9739,0.0251
52.0,48.0,R6,NG,N1,K052,7.44,8.64433333333333,0.04962271448745461,1.20433333333333,24.26979954185707,NG,NG,NG,NG,N1,N1,N1,N1,N1,N1,N1,N1,N1,0.8292,0.1678,N1,0.9986,0.0013,N1,0.8547,0.137,N1,0.7592,0.1688,N1,0.9967,0.0033
52.0,48.0,R6,NG,N1,K052,7.45,8.64433333333333,0.04962271448745461,1.1943333333333301,24.0682789256778,NG,NG,NG,NG,N1,N1,N1,N1,N1,N1,N1,N1,N1,0.796,0.2024,N1,0.9995,0.0005,N1,0.8569,0.1392,N1,0.7366,0.2042,N1,1.0,0.0
52.0,48.0,R6,NG,N1,K052,7.45,8.64433333333333,0.04962271448745461,1.1943333333333301,24.0682789256778,NG,NG,NG,NG,N1,N1,N1,N1,N1,N1,N1,N1,N1,0.7941,0.2041,N1,0.9987,0.0013,N1,0.8296,0.1648,N1,0.739,0.1987,N1,1.0,0.0
52.0,48.0,R6,NG,N1,K052,7.44,8.64433333333333,0.04962271448745461,1.20433333333333,24.26979954185707,NG,NG,NG,NG,N1,N1,N1,N1,N1,N1,N1,N1,N1,0.8293,0.168,N1,0.9994,0.0006,N1,0.8779,0.1162,N1,0.7574,0.1748,N1,0.9983,0.0017
52.0,48.0,R6,NG,N1,K052,7.47,8.64433333333333,0.04962271448745461,1.1743333333333306,23.66523769331926,NG,NG,NG,NG,N1,N1,N1,N1,N1,N1,N1,N1,N1,0.6675,0.3323,N1,0.9959,0.0041,N1,0.742,0.2573,N1,0.6295,0.3274,N1,1.0,0.0
52.0,48.0,R6,NG,N1,K052,7.38,8.64433333333333,0.04962271448745461,1.2643333333333304,25.478923238932715,NG,NG,NG,NG,N1,N1,N1,N1,N1,N1,N1,N1,N1,0.9062,0.0502,N1,0.9867,0.0117,N1,0.8388,0.1065,N1,0.6873,0.2095,W1,0.6941,0.286
52.0,48.0,R6,NG,N1,K052,7.45,8.64433333333333,0.04962271448745461,1.1943333333333301,24.0682789256778,NG,NG,NG,NG,N1,N1,N1,N1,N1,N1,N1,N1,N1,0.8066,0.1915,N1,0.9978,0.0021,N1,0.8476,0.1493,N1,0.7636,0.1898,N1,1.0,0.0
52.0,48.0,R6,NG,N1,K052,7.45,8.64433333333333,0.04962271448745461,1.1943333333333301,24.0682789256778,NG,NG,NG,NG,N1,N1,N1,N1,N1,N1,N1,N1,N1,0.796,0.2024,N1,0.9995,0.0005,N1,0.8569,0.1392,N1,0.7366,0.2042,N1,1.0,0.0
52.0,48.0,R6,NG,N1,K052,7.45,8.64433333333333,0.04962271448745461,1.1943333333333301,24.0682789256778,NG,NG,NG,NG,N1,N1,N1,N1,N1,N1,N1,N1,N1,0.8066,0.1915,N1,0.9978,0.0021,N1,0.8476,0.1493,N1,0.7636,0.1898,N1,1.0,0.0
52.0,48.0,R6,NG,N1,K052,7.44,8.64433333333333,0.04962271448745461,1.20433333333333,24.26979954185707,NG,NG,NG,NG,N1,N1,N1,N1,N1,N1,N1,N1,N1,0.8292,0.1678,N1,0.9986,0.0013,N1,0.8547,0.137,N1,0.7592,0.1688,N1,0.9967,0.0033
52.0,48.0,R6,NG,N1,K052,7.45,8.64433333333333,0.04962271448745461,1.1943333333333301,24.0682789256778,NG,NG,NG,NG,N1,N1,N1,N1,N1,N1,N1,N1,N1,0.8066,0.1915,N1,0.9978,0.0021,N1,0.8476,0.1493,N1,0.7636,0.1898,N1,1.0,0.0
53.0,2.0,R6,NG,N1,K053,7.45,8.64433333333333,0.04962271448745461,1.1943333333333301,24.0682789256778,NG,NG,NG,NG,N1,N1,N1,N1,N1,N1,N1,N1,N1,0.8124,0.1876,N1,0.9997,0.0003,N1,0.8993,0.1006,N1,0.7496,0.1951,N1,1.0,0.0
,,R6,NG,N1,,7.44,8.64433333333333,0.04962271448745461,1.20433333333333,24.26979954185707,NG,NG,NG,NG,N1,N1,N1,N1,N1,N1,N1,N1,N1,0.8467,0.1533,N1,0.9996,0.0004,N1,0.9185,0.0815,N1,0.7743,0.1633,N1,1.0,0.0
,,R6,NG,N1,,7.46,8.64433333333333,0.04962271448745461,1.1843333333333304,23.86675830949853,NG,NG,NG,NG,N1,N1,N1,N1,N1,N1,N1,N1,N1,0.7724,0.2275,N1,0.9997,0.0003,N1,0.8707,0.1293,N1,0.7177,0.2319,N1,1.0,0.0
52.0,48.0,R6,NG,N1,K052,7.25,8.64433333333333,0.04962271448745461,1.3943333333333303,28.098691249263265,NG,NG,NG,NG,N2,N2,N2,N2,N2,N2,N2,N2,N2,0.9964,0.0036,N2,1.0,0.0,N2,0.9999,0.0001,N2,0.9026,0.0461,N2,1.0,0.0
,,R6,NG,N1,,7.47,8.64433333333333,0.04962271448745461,1.1743333333333306,23.66523769331926,NG,NG,NG,NG,N1,N1,N1,N1,N1,N1,N1,N1,N1,0.7063,0.293,N1,0.9988,0.0012,N1,0.7541,0.2433,N1,0.6783,0.2725,N1,1.0,0.0
